<?xml version="1.0" encoding="UTF-8" standalone="yes"?>
<processDataSet xmlns:m="http://lca.jrc.it/ILCD/LCIAMethod" xmlns:common="http://lca.jrc.it/ILCD/Common" xmlns:s="http://lca.jrc.it/ILCD/Source" xmlns:c="http://lca.jrc.it/ILCD/Contact" xmlns:f="http://lca.jrc.it/ILCD/Flow" xmlns="http://lca.jrc.it/ILCD/Process" xmlns:fp="http://lca.jrc.it/ILCD/FlowProperty" xmlns:u="http://lca.jrc.it/ILCD/UnitGroup" version="1.1">
    <processInformation>
        <dataSetInformation>
            <common:UUID>00420000-c838-4b88-81cb-981aee9e8e2b</common:UUID>
            <name>
                <baseName xml:lang="de">Dummy process</baseName>
            </name>
            <classificationInformation>
                <common:classification name="UBA">
                    <common:class level="0">Materialien und Produkte</common:class>
                    <common:class level="1">pflanzliche und tierische Erzeugnisse (ohne Nutzung als Energieträger)</common:class>
                    <common:class level="2">Nahrungsmittel</common:class>
                    <common:class level="3">Tierfutter</common:class>
                </common:classification>
            </classificationInformation>
            <common:generalComment xml:lang="de">Indikatoren / Kennzahlen für den Rohstoffverbrauch im Rahmen der Nachhaltigkeitsdiskussion (FKZ 3705 93 368); im Auftrag des Umweltbundesamtes.</common:generalComment>
        </dataSetInformation>
        <quantitativeReference type="Reference flow(s)">
            <referenceToReferenceFlow>0</referenceToReferenceFlow>
        </quantitativeReference>
        <time xmlns:olca="http://openlca.org/ilcd-extensions" olca:startDate="946681200000">
            <common:referenceYear>2000</common:referenceYear>
        </time>
        <geography>
            <locationOfOperationSupplyOrProduction location="DE" latitudeAndLongitude="0.0,0.0"/>
        </geography>
        <technology>
            <technologyDescriptionAndIncludedProcesses xml:lang="de">Geographischer Bezug: Produktion in Deutschland
Zeitlicher Bezug: 2000 - 2007
Weitere Informationen: Allokation zw. Frucht und Stroh nach N-Gehalt; Düngemitteleinsatz pro ha:  0 kg N, 54 kg P2O5, 63 kg K2O; Ertrag:4,5 t/ha
Die Bereitstellung von Investionsgütern wird in dem Datensatz nicht berücksichtigt.
Allgemeine Informationen zum Anbau:
Selbstversorgungsgrad, Deutschland: n.V. %
Wichtige Produktionsländer: USA 71 Mio t, Brasilien 58 Mio t im Jahr 2007
Allgemeine Informationen: Landwirtschaftsfläche: 18,9 Mio ha; Waldfläche: 10,6 Mio ha; Gesamtfläche: 35,7 Mio ha  Deutschland 2007
Produktionsmenge in Deutschland: 40000t
Produktionsmenge, weltweit: 216000000t</technologyDescriptionAndIncludedProcesses>
        </technology>
    </processInformation>
    <modellingAndValidation>
        <LCIMethodAndAllocation>
            <typeOfDataSet>LCI result</typeOfDataSet>
            <LCIMethodPrinciple>Other</LCIMethodPrinciple>
        </LCIMethodAndAllocation>
        <dataSourcesTreatmentAndRepresentativeness>
            <referenceToDataSource type="source data set" refObjectId="7a93557e-33f0-44b6-8ef9-6b9a5ef2939a" version="01.00.000" uri="../sources/7a93557e-33f0-44b6-8ef9-6b9a5ef2939a">
                <common:shortDescription xml:lang="de">HBEFA 2.1</common:shortDescription>
            </referenceToDataSource>
            <referenceToDataSource type="source data set" refObjectId="94bfa193-d80c-44f0-aa8c-1ae9fb7aec6e" version="01.00.000" uri="../sources/94bfa193-d80c-44f0-aa8c-1ae9fb7aec6e">
                <common:shortDescription xml:lang="de">IPCC, 2007</common:shortDescription>
            </referenceToDataSource>
            <referenceToDataSource type="source data set" refObjectId="0762db39-44aa-4c27-9dd1-a3697057aa0b" version="01.00.000" uri="../sources/0762db39-44aa-4c27-9dd1-a3697057aa0b">
                <common:shortDescription xml:lang="de">WMO, 1991</common:shortDescription>
            </referenceToDataSource>
            <referenceToDataSource type="source data set" refObjectId="a98154b8-d32b-474f-b0ae-2e037fad658a" version="01.00.000" uri="../sources/a98154b8-d32b-474f-b0ae-2e037fad658a">
                <common:shortDescription xml:lang="de">WMO, 1995</common:shortDescription>
            </referenceToDataSource>
            <referenceToDataSource type="source data set" refObjectId="d568cce6-7f52-4bdb-8c75-024f888fe12f" version="01.00.000" uri="../sources/d568cce6-7f52-4bdb-8c75-024f888fe12f">
                <common:shortDescription xml:lang="de">WMO, 1999</common:shortDescription>
            </referenceToDataSource>
            <referenceToDataSource type="source data set" refObjectId="0f7ff2b2-2e71-429f-9e78-05ad535cdfc3" version="01.00.000" uri="../sources/0f7ff2b2-2e71-429f-9e78-05ad535cdfc3">
                <common:shortDescription xml:lang="de">Hauschild 98</common:shortDescription>
            </referenceToDataSource>
            <referenceToDataSource type="source data set" refObjectId="e033ba74-6907-4181-a1db-a51c9102da41" version="01.00.000" uri="../sources/e033ba74-6907-4181-a1db-a51c9102da41">
                <common:shortDescription xml:lang="de">Jenkin 99</common:shortDescription>
            </referenceToDataSource>
            <referenceToDataSource type="source data set" refObjectId="da1ceeae-8647-4b02-9441-186f1b380531" version="01.00.000" uri="../sources/da1ceeae-8647-4b02-9441-186f1b380531">
                <common:shortDescription xml:lang="de">Derwent 98</common:shortDescription>
            </referenceToDataSource>
            <referenceToDataSource type="source data set" refObjectId="4bfba2a5-9439-4f67-b0bc-3cc126a9ee80" version="01.00.000" uri="../sources/4bfba2a5-9439-4f67-b0bc-3cc126a9ee80">
                <common:shortDescription xml:lang="de">Heijungs 92</common:shortDescription>
            </referenceToDataSource>
            <referenceToDataSource type="source data set" refObjectId="67ab8e70-8ec0-41d6-8058-18485ec2a9a8" version="01.00.000" uri="../sources/67ab8e70-8ec0-41d6-8058-18485ec2a9a8">
                <common:shortDescription xml:lang="de">Ecoinvent 2.0</common:shortDescription>
            </referenceToDataSource>
            <referenceToDataSource type="source data set" refObjectId="65ee98e7-12e7-472a-b9af-6e948315ad12" version="01.00.000" uri="../sources/65ee98e7-12e7-472a-b9af-6e948315ad12">
                <common:shortDescription xml:lang="de">FAOStat 2008</common:shortDescription>
            </referenceToDataSource>
            <referenceToDataSource type="source data set" refObjectId="ad5b579e-464b-4af6-8949-8ad9f2199837" version="01.00.000" uri="../sources/ad5b579e-464b-4af6-8949-8ad9f2199837">
                <common:shortDescription xml:lang="de">StaJaLW 2007</common:shortDescription>
            </referenceToDataSource>
            <referenceToDataSource type="source data set" refObjectId="9e7ef368-7a7b-4d58-b695-c720e8336fe7" version="01.00.000" uri="../sources/9e7ef368-7a7b-4d58-b695-c720e8336fe7">
                <common:shortDescription xml:lang="de">PDF-Dokumentation des Probas1-Datensatzes mit der ID 5063E86D-E226-46DC-B316-13E0E4F35263</common:shortDescription>
            </referenceToDataSource>
            <referenceToDataSource type="source data set" refObjectId="a97a0155-0234-4b87-b4ce-a45da52f2a40" version="01.00.000" uri="../sources/a97a0155-0234-4b87-b4ce-a45da52f2a40">
                <common:shortDescription xml:lang="de">ILCD format</common:shortDescription>
            </referenceToDataSource>
        </dataSourcesTreatmentAndRepresentativeness>
        <validation>
            <review type="Independent external review">
                <common:referenceToNameOfReviewerAndInstitution type="contact data set" refObjectId="f814daf9-c704-4677-9fd6-af5953609ff6" version="01.00.000" uri="../contacts/f814daf9-c704-4677-9fd6-af5953609ff6">
                    <common:shortDescription xml:lang="de">GreendeltaTC</common:shortDescription>
                </common:referenceToNameOfReviewerAndInstitution>
            </review>
        </validation>
    </modellingAndValidation>
    <administrativeInformation>
        <common:commissionerAndGoal>
            <common:project xml:lang="de">Umweltprofile (UBA 2012)</common:project>
        </common:commissionerAndGoal>
        <dataGenerator>
            <common:referenceToPersonOrEntityGeneratingTheDataSet type="contact data set" refObjectId="41bbefec-d389-438b-8074-a157f629c60c" version="01.00.000" uri="../contacts/41bbefec-d389-438b-8074-a157f629c60c">
                <common:shortDescription xml:lang="de">Umweltprofile (UBA 2012)</common:shortDescription>
            </common:referenceToPersonOrEntityGeneratingTheDataSet>
        </dataGenerator>
        <dataEntryBy>
            <common:timeStamp>2020-11-05T12:23:27.738+01:00</common:timeStamp>
            <common:referenceToDataSetFormat type="source data set" refObjectId="a97a0155-0234-4b87-b4ce-a45da52f2a40" version="01.01.000" uri="../sources/a97a0155-0234-4b87-b4ce-a45da52f2a40_01.01.000.xml">
                <common:shortDescription xml:lang="en">ILCD format 1.1</common:shortDescription>
            </common:referenceToDataSetFormat>
            <common:referenceToPersonOrEntityEnteringTheData type="contact data set" refObjectId="df4f2d84-3b1e-42eb-8772-a2b8596ee92e" version="01.00.000" uri="../contacts/df4f2d84-3b1e-42eb-8772-a2b8596ee92e">
                <common:shortDescription xml:lang="de">ifeu - Institut für Energie- und Umweltforschung Heidelberg</common:shortDescription>
            </common:referenceToPersonOrEntityEnteringTheData>
        </dataEntryBy>
        <publicationAndOwnership>
            <common:dateOfLastRevision>2014-11-22T19:12:00.000+01:00</common:dateOfLastRevision>
            <common:dataSetVersion>02.21.773</common:dataSetVersion>
            <common:referenceToOwnershipOfDataSet type="contact data set" refObjectId="0a115508-df22-47d6-a974-355974c6626e" version="01.00.000" uri="../contacts/0a115508-df22-47d6-a974-355974c6626e">
                <common:shortDescription xml:lang="de">UBA</common:shortDescription>
            </common:referenceToOwnershipOfDataSet>
            <common:copyright>true</common:copyright>
            <common:accessRestrictions xml:lang="de">https://probas2-test.lca-data.com/static/Nutzungsbedingungen_ProBas.pdf</common:accessRestrictions>
        </publicationAndOwnership>
    </administrativeInformation>
    <exchanges>
        <exchange xmlns:olca="http://openlca.org/ilcd-extensions" dataSetInternalID="64" olca:unitId="f6963285-9a02-44a6-a470-350e75e10cc9" olca:propertyId="93a60a56-a3c8-11da-a746-0800200b9a66" olca:amount="4.88E-12">
            <referenceToFlowDataSet type="flow data set" refObjectId="08a91e70-3ddc-11dd-97e4-0050c2490048" version="01.00.000" uri="../flows/08a91e70-3ddc-11dd-97e4-0050c2490048">
                <common:shortDescription xml:lang="de">polychlorinated biphenyls</common:shortDescription>
            </referenceToFlowDataSet>
            <exchangeDirection>Output</exchangeDirection>
            <meanAmount>4.88E-12</meanAmount>
            <resultingAmount>4.88E-12</resultingAmount>
        </exchange>
        <exchange xmlns:olca="http://openlca.org/ilcd-extensions" dataSetInternalID="65" olca:unitId="f6963285-9a02-44a6-a470-350e75e10cc9" olca:propertyId="93a60a56-a3c8-11da-a746-0800200b9a66" olca:amount="2.64E-6">
            <referenceToFlowDataSet type="flow data set" refObjectId="fe0acd60-3ddc-11dd-aadf-0050c2490048" version="01.00.000" uri="../flows/fe0acd60-3ddc-11dd-aadf-0050c2490048">
                <common:shortDescription xml:lang="de">polycyclic aromatic hydrocarbons</common:shortDescription>
            </referenceToFlowDataSet>
            <exchangeDirection>Output</exchangeDirection>
            <meanAmount>2.64E-6</meanAmount>
            <resultingAmount>2.64E-6</resultingAmount>
        </exchange>
        <exchange xmlns:olca="http://openlca.org/ilcd-extensions" dataSetInternalID="66" olca:unitId="f6963285-9a02-44a6-a470-350e75e10cc9" olca:propertyId="93a60a56-a3c8-11da-a746-0800200b9a66" olca:amount="4.92E-6">
            <referenceToFlowDataSet type="flow data set" refObjectId="08a91e70-3ddc-11dd-9810-0050c2490048" version="01.00.000" uri="../flows/08a91e70-3ddc-11dd-9810-0050c2490048">
                <common:shortDescription xml:lang="de">polycyclic aromatic hydrocarbons</common:shortDescription>
            </referenceToFlowDataSet>
            <exchangeDirection>Output</exchangeDirection>
            <meanAmount>4.92E-6</meanAmount>
            <resultingAmount>4.92E-6</resultingAmount>
        </exchange>
        <exchange xmlns:olca="http://openlca.org/ilcd-extensions" dataSetInternalID="67" olca:unitId="f6963285-9a02-44a6-a470-350e75e10cc9" olca:propertyId="93a60a56-a3c8-11da-a746-0800200b9a66" olca:amount="14.6">
            <referenceToFlowDataSet type="flow data set" refObjectId="fe0acd60-3ddc-11dd-ac59-0050c2490048" version="01.00.000" uri="../flows/fe0acd60-3ddc-11dd-ac59-0050c2490048">
                <common:shortDescription xml:lang="de">sulfate</common:shortDescription>
            </referenceToFlowDataSet>
            <exchangeDirection>Output</exchangeDirection>
            <meanAmount>14.6</meanAmount>
            <resultingAmount>14.6</resultingAmount>
        </exchange>
        <exchange xmlns:olca="http://openlca.org/ilcd-extensions" dataSetInternalID="68" olca:unitId="f6963285-9a02-44a6-a470-350e75e10cc9" olca:propertyId="93a60a56-a3c8-11da-a746-0800200b9a66" olca:amount="0.376">
            <referenceToFlowDataSet type="flow data set" refObjectId="fe0acd60-3ddc-11dd-ac48-0050c2490048" version="01.00.000" uri="../flows/fe0acd60-3ddc-11dd-ac48-0050c2490048">
                <common:shortDescription xml:lang="de">sulfur dioxide</common:shortDescription>
            </referenceToFlowDataSet>
            <exchangeDirection>Output</exchangeDirection>
            <meanAmount>0.376</meanAmount>
            <resultingAmount>0.376</resultingAmount>
        </exchange>
        <exchange xmlns:olca="http://openlca.org/ilcd-extensions" dataSetInternalID="69" olca:unitId="f6963285-9a02-44a6-a470-350e75e10cc9" olca:propertyId="93a60a56-a3c8-11da-a746-0800200b9a66" olca:amount="1.64E-6">
            <referenceToFlowDataSet type="flow data set" refObjectId="fe0acd60-3ddc-11dd-ac51-0050c2490048" version="01.00.000" uri="../flows/fe0acd60-3ddc-11dd-ac51-0050c2490048">
                <common:shortDescription xml:lang="de">sulphur hexafluoride</common:shortDescription>
            </referenceToFlowDataSet>
            <exchangeDirection>Output</exchangeDirection>
            <meanAmount>1.64E-6</meanAmount>
            <resultingAmount>1.64E-6</resultingAmount>
        </exchange>
        <exchange xmlns:olca="http://openlca.org/ilcd-extensions" dataSetInternalID="70" olca:unitId="f6963285-9a02-44a6-a470-350e75e10cc9" olca:propertyId="93a60a56-a3c8-11da-a746-0800200b9a66" olca:amount="6.39E-11">
            <referenceToFlowDataSet type="flow data set" refObjectId="fe0acd60-3ddc-11dd-a3fc-0050c2490048" version="01.00.000" uri="../flows/fe0acd60-3ddc-11dd-a3fc-0050c2490048">
                <common:shortDescription xml:lang="de">tetrachloroethene</common:shortDescription>
            </referenceToFlowDataSet>
            <exchangeDirection>Output</exchangeDirection>
            <meanAmount>6.39E-11</meanAmount>
            <resultingAmount>6.39E-11</resultingAmount>
        </exchange>
        <exchange xmlns:olca="http://openlca.org/ilcd-extensions" dataSetInternalID="71" olca:unitId="f6963285-9a02-44a6-a470-350e75e10cc9" olca:propertyId="93a60a56-a3c8-11da-a746-0800200b9a66" olca:amount="0.0566">
            <referenceToFlowDataSet type="flow data set" refObjectId="4d9a8790-3ddd-11dd-8e7d-0050c2490048" version="01.00.000" uri="../flows/4d9a8790-3ddd-11dd-8e7d-0050c2490048">
                <common:shortDescription xml:lang="de">total organic carbon</common:shortDescription>
            </referenceToFlowDataSet>
            <exchangeDirection>Output</exchangeDirection>
            <meanAmount>0.0566</meanAmount>
            <resultingAmount>0.0566</resultingAmount>
        </exchange>
        <exchange xmlns:olca="http://openlca.org/ilcd-extensions" dataSetInternalID="72" olca:unitId="f6963285-9a02-44a6-a470-350e75e10cc9" olca:propertyId="93a60a56-a3c8-11da-a746-0800200b9a66" olca:amount="5.88E-4">
            <referenceToFlowDataSet type="flow data set" refObjectId="08a91e70-3ddc-11dd-94e7-0050c2490048" version="01.00.000" uri="../flows/08a91e70-3ddc-11dd-94e7-0050c2490048">
                <common:shortDescription xml:lang="de">zinc</common:shortDescription>
            </referenceToFlowDataSet>
            <exchangeDirection>Output</exchangeDirection>
            <meanAmount>5.88E-4</meanAmount>
            <resultingAmount>5.88E-4</resultingAmount>
        </exchange>
        <exchange xmlns:olca="http://openlca.org/ilcd-extensions" dataSetInternalID="73" olca:unitId="f6963285-9a02-44a6-a470-350e75e10cc9" olca:propertyId="93a60a56-a3c8-11da-a746-0800200b9a66" olca:amount="9.72E-6">
            <referenceToFlowDataSet type="flow data set" refObjectId="08a91e70-3ddc-11dd-94e3-0050c2490048" version="01.00.000" uri="../flows/08a91e70-3ddc-11dd-94e3-0050c2490048">
                <common:shortDescription xml:lang="de">zinc</common:shortDescription>
            </referenceToFlowDataSet>
            <exchangeDirection>Output</exchangeDirection>
            <meanAmount>9.72E-6</meanAmount>
            <resultingAmount>9.72E-6</resultingAmount>
        </exchange>
        <exchange xmlns:olca="http://openlca.org/ilcd-extensions" dataSetInternalID="0" olca:unitId="f6963285-9a02-44a6-a470-350e75e10cc9" olca:propertyId="93a60a56-a3c8-11da-a746-0800200b9a66" olca:amount="1000.0">
            <referenceToFlowDataSet type="flow data set" refObjectId="b7c3c6bc-4159-4e34-aadd-f9b579ba6bfa" version="01.00.000" uri="../flows/b7c3c6bc-4159-4e34-aadd-f9b579ba6bfa">
                <common:shortDescription xml:lang="de">Ackerbohne</common:shortDescription>
            </referenceToFlowDataSet>
            <exchangeDirection>Output</exchangeDirection>
            <meanAmount>1000.0</meanAmount>
            <resultingAmount>1000.0</resultingAmount>
        </exchange>
        <exchange xmlns:olca="http://openlca.org/ilcd-extensions" dataSetInternalID="1" olca:unitId="e760c7af-8789-453b-9abc-1e03c3e7e91f" olca:propertyId="93a60a56-a3c8-21da-a746-0800200c9a66" olca:amount="2287.0">
            <referenceToFlowDataSet type="flow data set" refObjectId="c6fb80c0-e5f7-4480-9168-d5b26f7989ff" version="01.00.000" uri="../flows/c6fb80c0-e5f7-4480-9168-d5b26f7989ff">
                <common:shortDescription xml:lang="de">Flächeninanspruchnahme - Acker- und Forstflächen</common:shortDescription>
            </referenceToFlowDataSet>
            <exchangeDirection>Input</exchangeDirection>
            <meanAmount>2287.0</meanAmount>
            <resultingAmount>2287.0</resultingAmount>
        </exchange>
        <exchange xmlns:olca="http://openlca.org/ilcd-extensions" dataSetInternalID="2" olca:unitId="013f7032-6d56-4f03-981c-bd5ca5a97d28" olca:propertyId="93a60a56-a3c8-19da-a746-0800200c9a66" olca:amount="2.42E-4">
            <referenceToFlowDataSet type="flow data set" refObjectId="37fc29dc-5455-42eb-9615-12196bd95590" version="01.00.000" uri="../flows/37fc29dc-5455-42eb-9615-12196bd95590">
                <common:shortDescription xml:lang="de">Flächenverbrauch</common:shortDescription>
            </referenceToFlowDataSet>
            <exchangeDirection>Input</exchangeDirection>
            <meanAmount>2.42E-4</meanAmount>
            <resultingAmount>2.42E-4</resultingAmount>
        </exchange>
        <exchange xmlns:olca="http://openlca.org/ilcd-extensions" dataSetInternalID="3" olca:unitId="013f7032-6d56-4f03-981c-bd5ca5a97d28" olca:propertyId="93a60a56-a3c8-19da-a746-0800200c9a66" olca:amount="0.354">
            <referenceToFlowDataSet type="flow data set" refObjectId="4a227586-270a-4b07-9f15-79da640bec83" version="01.00.000" uri="../flows/4a227586-270a-4b07-9f15-79da640bec83">
                <common:shortDescription xml:lang="de">to traffic area, road network</common:shortDescription>
            </referenceToFlowDataSet>
            <exchangeDirection>Input</exchangeDirection>
            <meanAmount>0.354</meanAmount>
            <resultingAmount>0.354</resultingAmount>
        </exchange>
        <exchange xmlns:olca="http://openlca.org/ilcd-extensions" dataSetInternalID="4" olca:unitId="5895f9cf-747b-43aa-ade9-25a225005da6" olca:propertyId="93a60a56-a3c8-22da-a746-0800200c9a66" olca:amount="1194.0">
            <referenceToFlowDataSet type="flow data set" refObjectId="29934cc9-995b-46d8-ab65-2410ad902840" version="01.00.000" uri="../flows/29934cc9-995b-46d8-ab65-2410ad902840">
                <common:shortDescription xml:lang="de">Wasserbedarf</common:shortDescription>
            </referenceToFlowDataSet>
            <exchangeDirection>Input</exchangeDirection>
            <meanAmount>1194.0</meanAmount>
            <resultingAmount>1194.0</resultingAmount>
        </exchange>
        <exchange xmlns:olca="http://openlca.org/ilcd-extensions" dataSetInternalID="5" olca:unitId="f6963285-9a02-44a6-a470-350e75e10cc9" olca:propertyId="93a60a56-a3c8-11da-a746-0800200b9a66" olca:amount="2.97E-11">
            <referenceToFlowDataSet type="flow data set" refObjectId="08a91e70-3ddc-11dd-9304-0050c2490048" version="01.00.000" uri="../flows/08a91e70-3ddc-11dd-9304-0050c2490048">
                <common:shortDescription xml:lang="de">1,1,1-trichloroethane</common:shortDescription>
            </referenceToFlowDataSet>
            <exchangeDirection>Output</exchangeDirection>
            <meanAmount>2.97E-11</meanAmount>
            <resultingAmount>2.97E-11</resultingAmount>
        </exchange>
        <exchange xmlns:olca="http://openlca.org/ilcd-extensions" dataSetInternalID="6" olca:unitId="f6963285-9a02-44a6-a470-350e75e10cc9" olca:propertyId="93a60a56-a3c8-11da-a746-0800200b9a66" olca:amount="3.91E-5">
            <referenceToFlowDataSet type="flow data set" refObjectId="fe0acd60-3ddc-11dd-a745-0050c2490048" version="01.00.000" uri="../flows/fe0acd60-3ddc-11dd-a745-0050c2490048">
                <common:shortDescription xml:lang="de">1,2-dichloroethane</common:shortDescription>
            </referenceToFlowDataSet>
            <exchangeDirection>Output</exchangeDirection>
            <meanAmount>3.91E-5</meanAmount>
            <resultingAmount>3.91E-5</resultingAmount>
        </exchange>
        <exchange xmlns:olca="http://openlca.org/ilcd-extensions" dataSetInternalID="7" olca:unitId="f6963285-9a02-44a6-a470-350e75e10cc9" olca:propertyId="93a60a56-a3c8-11da-a746-0800200b9a66" olca:amount="2.11E-12">
            <referenceToFlowDataSet type="flow data set" refObjectId="fe0acd60-3ddc-11dd-ab67-0050c2490048" version="01.00.000" uri="../flows/fe0acd60-3ddc-11dd-ab67-0050c2490048">
                <common:shortDescription xml:lang="de">2,3,7,8-tetrachlorodibenzo-p-dioxin</common:shortDescription>
            </referenceToFlowDataSet>
            <exchangeDirection>Output</exchangeDirection>
            <meanAmount>2.11E-12</meanAmount>
            <resultingAmount>2.11E-12</resultingAmount>
        </exchange>
        <exchange xmlns:olca="http://openlca.org/ilcd-extensions" dataSetInternalID="8" olca:unitId="f6963285-9a02-44a6-a470-350e75e10cc9" olca:propertyId="93a60a56-a3c8-11da-a746-0800200b9a66" olca:amount="7.40537586E-5">
            <referenceToFlowDataSet type="flow data set" refObjectId="29066274-6556-11dd-ad8b-0800200c9a66" version="01.00.000" uri="../flows/29066274-6556-11dd-ad8b-0800200c9a66">
                <common:shortDescription xml:lang="de">acid (as H+)</common:shortDescription>
            </referenceToFlowDataSet>
            <exchangeDirection>Output</exchangeDirection>
            <meanAmount>7.40537586E-5</meanAmount>
            <resultingAmount>7.40537586E-5</resultingAmount>
        </exchange>
        <exchange xmlns:olca="http://openlca.org/ilcd-extensions" dataSetInternalID="9" olca:unitId="f6963285-9a02-44a6-a470-350e75e10cc9" olca:propertyId="93a60a56-a3c8-11da-a746-0800200b9a66" olca:amount="8.82E-7">
            <referenceToFlowDataSet type="flow data set" refObjectId="fe0acd60-3ddc-11dd-aaa0-0050c2490048" version="01.00.000" uri="../flows/fe0acd60-3ddc-11dd-aaa0-0050c2490048">
                <common:shortDescription xml:lang="de">adsorbable organic halogen compounds</common:shortDescription>
            </referenceToFlowDataSet>
            <exchangeDirection>Output</exchangeDirection>
            <meanAmount>8.82E-7</meanAmount>
            <resultingAmount>8.82E-7</resultingAmount>
        </exchange>
        <exchange xmlns:olca="http://openlca.org/ilcd-extensions" dataSetInternalID="10" olca:unitId="f6963285-9a02-44a6-a470-350e75e10cc9" olca:propertyId="93a60a56-a3c8-11da-a746-0800200b9a66" olca:amount="7.92E-4">
            <referenceToFlowDataSet type="flow data set" refObjectId="08a91e70-3ddc-11dd-a2a9-0050c2490048" version="01.00.000" uri="../flows/08a91e70-3ddc-11dd-a2a9-0050c2490048">
                <common:shortDescription xml:lang="de">ammonia</common:shortDescription>
            </referenceToFlowDataSet>
            <exchangeDirection>Output</exchangeDirection>
            <meanAmount>7.92E-4</meanAmount>
            <resultingAmount>7.92E-4</resultingAmount>
        </exchange>
        <exchange xmlns:olca="http://openlca.org/ilcd-extensions" dataSetInternalID="11" olca:unitId="f6963285-9a02-44a6-a470-350e75e10cc9" olca:propertyId="93a60a56-a3c8-11da-a746-0800200b9a66" olca:amount="2.34E-4">
            <referenceToFlowDataSet type="flow data set" refObjectId="fe0acd60-3ddc-11dd-aaa5-0050c2490048" version="01.00.000" uri="../flows/fe0acd60-3ddc-11dd-aaa5-0050c2490048">
                <common:shortDescription xml:lang="de">ammonium</common:shortDescription>
            </referenceToFlowDataSet>
            <exchangeDirection>Output</exchangeDirection>
            <meanAmount>2.34E-4</meanAmount>
            <resultingAmount>2.34E-4</resultingAmount>
        </exchange>
        <exchange xmlns:olca="http://openlca.org/ilcd-extensions" dataSetInternalID="12" olca:unitId="f6963285-9a02-44a6-a470-350e75e10cc9" olca:propertyId="93a60a56-a3c8-11da-a746-0800200b9a66" olca:amount="1.35E-6">
            <referenceToFlowDataSet type="flow data set" refObjectId="08a91e70-3ddc-11dd-91d7-0050c2490048" version="01.00.000" uri="../flows/08a91e70-3ddc-11dd-91d7-0050c2490048">
                <common:shortDescription xml:lang="de">arsenic</common:shortDescription>
            </referenceToFlowDataSet>
            <exchangeDirection>Output</exchangeDirection>
            <meanAmount>1.35E-6</meanAmount>
            <resultingAmount>1.35E-6</resultingAmount>
        </exchange>
        <exchange xmlns:olca="http://openlca.org/ilcd-extensions" dataSetInternalID="13" olca:unitId="f6963285-9a02-44a6-a470-350e75e10cc9" olca:propertyId="93a60a56-a3c8-11da-a746-0800200b9a66" olca:amount="1.95E-4">
            <referenceToFlowDataSet type="flow data set" refObjectId="08a91e70-3ddc-11dd-91df-0050c2490048" version="01.00.000" uri="../flows/08a91e70-3ddc-11dd-91df-0050c2490048">
                <common:shortDescription xml:lang="de">arsenic</common:shortDescription>
            </referenceToFlowDataSet>
            <exchangeDirection>Output</exchangeDirection>
            <meanAmount>1.95E-4</meanAmount>
            <resultingAmount>1.95E-4</resultingAmount>
        </exchange>
        <exchange xmlns:olca="http://openlca.org/ilcd-extensions" dataSetInternalID="14" olca:unitId="f6963285-9a02-44a6-a470-350e75e10cc9" olca:propertyId="93a60a56-a3c8-11da-a746-0800200b9a66" olca:amount="0.00114">
            <referenceToFlowDataSet type="flow data set" refObjectId="08a91e70-3ddc-11dd-9202-0050c2490048" version="01.00.000" uri="../flows/08a91e70-3ddc-11dd-9202-0050c2490048">
                <common:shortDescription xml:lang="de">benzene</common:shortDescription>
            </referenceToFlowDataSet>
            <exchangeDirection>Output</exchangeDirection>
            <meanAmount>0.00114</meanAmount>
            <resultingAmount>0.00114</resultingAmount>
        </exchange>
        <exchange xmlns:olca="http://openlca.org/ilcd-extensions" dataSetInternalID="15" olca:unitId="f6963285-9a02-44a6-a470-350e75e10cc9" olca:propertyId="93a60a56-a3c8-11da-a746-0800200b9a66" olca:amount="0.00114">
            <referenceToFlowDataSet type="flow data set" refObjectId="08a91e70-3ddc-11dd-9221-0050c2490048" version="01.00.000" uri="../flows/08a91e70-3ddc-11dd-9221-0050c2490048">
                <common:shortDescription xml:lang="de">benzo[a]pyrene</common:shortDescription>
            </referenceToFlowDataSet>
            <exchangeDirection>Output</exchangeDirection>
            <meanAmount>0.00114</meanAmount>
            <resultingAmount>0.00114</resultingAmount>
        </exchange>
        <exchange xmlns:olca="http://openlca.org/ilcd-extensions" dataSetInternalID="16" olca:unitId="f6963285-9a02-44a6-a470-350e75e10cc9" olca:propertyId="93a60a56-a3c8-11da-a746-0800200b9a66" olca:amount="2.76E-4">
            <referenceToFlowDataSet type="flow data set" refObjectId="349ea51f-db1b-44e9-bfd4-2a028771b3a0" version="01.00.000" uri="../flows/349ea51f-db1b-44e9-bfd4-2a028771b3a0">
                <common:shortDescription xml:lang="de">Benzol, Toluol, Ethylbenzol, Xylole (als BTEX)</common:shortDescription>
            </referenceToFlowDataSet>
            <exchangeDirection>Output</exchangeDirection>
            <meanAmount>2.76E-4</meanAmount>
            <resultingAmount>2.76E-4</resultingAmount>
        </exchange>
        <exchange xmlns:olca="http://openlca.org/ilcd-extensions" dataSetInternalID="17" olca:unitId="f6963285-9a02-44a6-a470-350e75e10cc9" olca:propertyId="93a60a56-a3c8-11da-a746-0800200b9a66" olca:amount="0.181">
            <referenceToFlowDataSet type="flow data set" refObjectId="08a91e70-3ddc-11dd-97de-0050c2490048" version="01.00.000" uri="../flows/08a91e70-3ddc-11dd-97de-0050c2490048">
                <common:shortDescription xml:lang="de">biological oxygen demand</common:shortDescription>
            </referenceToFlowDataSet>
            <exchangeDirection>Output</exchangeDirection>
            <meanAmount>0.181</meanAmount>
            <resultingAmount>0.181</resultingAmount>
        </exchange>
        <exchange xmlns:olca="http://openlca.org/ilcd-extensions" dataSetInternalID="18" olca:unitId="f6963285-9a02-44a6-a470-350e75e10cc9" olca:propertyId="93a60a56-a3c8-11da-a746-0800200b9a66" olca:amount="1.0E-4">
            <referenceToFlowDataSet type="flow data set" refObjectId="0d8a8cbb-f28e-4af9-8ddb-d4fed17e6d57" version="01.00.000" uri="../flows/0d8a8cbb-f28e-4af9-8ddb-d4fed17e6d57">
                <common:shortDescription xml:lang="de">cadmium (ii)</common:shortDescription>
            </referenceToFlowDataSet>
            <exchangeDirection>Output</exchangeDirection>
            <meanAmount>1.0E-4</meanAmount>
            <resultingAmount>1.0E-4</resultingAmount>
        </exchange>
        <exchange xmlns:olca="http://openlca.org/ilcd-extensions" dataSetInternalID="19" olca:unitId="f6963285-9a02-44a6-a470-350e75e10cc9" olca:propertyId="93a60a56-a3c8-11da-a746-0800200b9a66" olca:amount="1.57E-6">
            <referenceToFlowDataSet type="flow data set" refObjectId="5c69d34a-51e7-4e7d-a89c-c8536962b51a" version="01.00.000" uri="../flows/5c69d34a-51e7-4e7d-a89c-c8536962b51a">
                <common:shortDescription xml:lang="de">cadmium (ii)</common:shortDescription>
            </referenceToFlowDataSet>
            <exchangeDirection>Output</exchangeDirection>
            <meanAmount>1.57E-6</meanAmount>
            <resultingAmount>1.57E-6</resultingAmount>
        </exchange>
        <exchange xmlns:olca="http://openlca.org/ilcd-extensions" dataSetInternalID="20" olca:unitId="f6963285-9a02-44a6-a470-350e75e10cc9" olca:propertyId="93a60a56-a3c8-11da-a746-0800200b9a66" olca:amount="0.46">
            <referenceToFlowDataSet type="flow data set" refObjectId="08a91e70-3ddc-11dd-9c15-0050c2490048" version="01.00.000" uri="../flows/08a91e70-3ddc-11dd-9c15-0050c2490048">
                <common:shortDescription xml:lang="de">carbon dioxide (biogenic)</common:shortDescription>
            </referenceToFlowDataSet>
            <exchangeDirection>Output</exchangeDirection>
            <meanAmount>0.46</meanAmount>
            <resultingAmount>0.46</resultingAmount>
        </exchange>
        <exchange xmlns:olca="http://openlca.org/ilcd-extensions" dataSetInternalID="21" olca:unitId="f6963285-9a02-44a6-a470-350e75e10cc9" olca:propertyId="93a60a56-a3c8-11da-a746-0800200b9a66" olca:amount="136.0">
            <referenceToFlowDataSet type="flow data set" refObjectId="08a91e70-3ddc-11dd-923d-0050c2490048" version="01.00.000" uri="../flows/08a91e70-3ddc-11dd-923d-0050c2490048">
                <common:shortDescription xml:lang="de">carbon dioxide (fossil)</common:shortDescription>
            </referenceToFlowDataSet>
            <exchangeDirection>Output</exchangeDirection>
            <meanAmount>136.0</meanAmount>
            <resultingAmount>136.0</resultingAmount>
        </exchange>
        <exchange xmlns:olca="http://openlca.org/ilcd-extensions" dataSetInternalID="22" olca:unitId="f6963285-9a02-44a6-a470-350e75e10cc9" olca:propertyId="93a60a56-a3c8-11da-a746-0800200b9a66" olca:amount="0.115">
            <referenceToFlowDataSet type="flow data set" refObjectId="08a91e70-3ddc-11dd-924e-0050c2490048" version="01.00.000" uri="../flows/08a91e70-3ddc-11dd-924e-0050c2490048">
                <common:shortDescription xml:lang="de">carbon monoxide (fossil)</common:shortDescription>
            </referenceToFlowDataSet>
            <exchangeDirection>Output</exchangeDirection>
            <meanAmount>0.115</meanAmount>
            <resultingAmount>0.115</resultingAmount>
        </exchange>
        <exchange xmlns:olca="http://openlca.org/ilcd-extensions" dataSetInternalID="23" olca:unitId="f6963285-9a02-44a6-a470-350e75e10cc9" olca:propertyId="93a60a56-a3c8-11da-a746-0800200b9a66" olca:amount="6.54E-8">
            <referenceToFlowDataSet type="flow data set" refObjectId="8a313fb6-e251-11e6-bf01-fe55135034f3" version="01.00.000" uri="../flows/8a313fb6-e251-11e6-bf01-fe55135034f3">
                <common:shortDescription xml:lang="de">Carbon tetrachloride</common:shortDescription>
            </referenceToFlowDataSet>
            <exchangeDirection>Output</exchangeDirection>
            <meanAmount>6.54E-8</meanAmount>
            <resultingAmount>6.54E-8</resultingAmount>
        </exchange>
        <exchange xmlns:olca="http://openlca.org/ilcd-extensions" dataSetInternalID="24" olca:unitId="f6963285-9a02-44a6-a470-350e75e10cc9" olca:propertyId="93a60a56-a3c8-11da-a746-0800200b9a66" olca:amount="8.87E-7">
            <referenceToFlowDataSet type="flow data set" refObjectId="18ceac51-fa90-4284-be60-6f611f4a24d9" version="01.00.000" uri="../flows/18ceac51-fa90-4284-be60-6f611f4a24d9">
                <common:shortDescription xml:lang="de">CFC (fluor. + chlor. KW gesamt)</common:shortDescription>
            </referenceToFlowDataSet>
            <exchangeDirection>Output</exchangeDirection>
            <meanAmount>8.87E-7</meanAmount>
            <resultingAmount>8.87E-7</resultingAmount>
        </exchange>
        <exchange xmlns:olca="http://openlca.org/ilcd-extensions" dataSetInternalID="25" olca:unitId="f6963285-9a02-44a6-a470-350e75e10cc9" olca:propertyId="93a60a56-a3c8-11da-a746-0800200b9a66" olca:amount="0.184">
            <referenceToFlowDataSet type="flow data set" refObjectId="08a91e70-3ddc-11dd-97ed-0050c2490048" version="01.00.000" uri="../flows/08a91e70-3ddc-11dd-97ed-0050c2490048">
                <common:shortDescription xml:lang="de">chemical oxygen demand</common:shortDescription>
            </referenceToFlowDataSet>
            <exchangeDirection>Output</exchangeDirection>
            <meanAmount>0.184</meanAmount>
            <resultingAmount>0.184</resultingAmount>
        </exchange>
        <exchange xmlns:olca="http://openlca.org/ilcd-extensions" dataSetInternalID="26" olca:unitId="f6963285-9a02-44a6-a470-350e75e10cc9" olca:propertyId="93a60a56-a3c8-11da-a746-0800200b9a66" olca:amount="0.0010698299502">
            <referenceToFlowDataSet type="flow data set" refObjectId="4d9a8790-3ddd-11dd-9444-0050c2490048" version="01.00.000" uri="../flows/4d9a8790-3ddd-11dd-9444-0050c2490048">
                <common:shortDescription xml:lang="de">chloride</common:shortDescription>
            </referenceToFlowDataSet>
            <exchangeDirection>Output</exchangeDirection>
            <meanAmount>0.0010698299502</meanAmount>
            <resultingAmount>0.0010698299502</resultingAmount>
        </exchange>
        <exchange xmlns:olca="http://openlca.org/ilcd-extensions" dataSetInternalID="27" olca:unitId="f6963285-9a02-44a6-a470-350e75e10cc9" olca:propertyId="93a60a56-a3c8-11da-a746-0800200b9a66" olca:amount="35.2">
            <referenceToFlowDataSet type="flow data set" refObjectId="08a91e70-3ddc-11dd-9508-0050c2490048" version="01.00.000" uri="../flows/08a91e70-3ddc-11dd-9508-0050c2490048">
                <common:shortDescription xml:lang="de">chloride</common:shortDescription>
            </referenceToFlowDataSet>
            <exchangeDirection>Output</exchangeDirection>
            <meanAmount>35.2</meanAmount>
            <resultingAmount>35.2</resultingAmount>
        </exchange>
        <exchange xmlns:olca="http://openlca.org/ilcd-extensions" dataSetInternalID="28" olca:unitId="f6963285-9a02-44a6-a470-350e75e10cc9" olca:propertyId="93a60a56-a3c8-11da-a746-0800200b9a66" olca:amount="1.57E-6">
            <referenceToFlowDataSet type="flow data set" refObjectId="08a91e70-3ddc-11dd-9acc-0050c2490048" version="01.00.000" uri="../flows/08a91e70-3ddc-11dd-9acc-0050c2490048">
                <common:shortDescription xml:lang="de">chromium</common:shortDescription>
            </referenceToFlowDataSet>
            <exchangeDirection>Output</exchangeDirection>
            <meanAmount>1.57E-6</meanAmount>
            <resultingAmount>1.57E-6</resultingAmount>
        </exchange>
        <exchange xmlns:olca="http://openlca.org/ilcd-extensions" dataSetInternalID="29" olca:unitId="f6963285-9a02-44a6-a470-350e75e10cc9" olca:propertyId="93a60a56-a3c8-11da-a746-0800200b9a66" olca:amount="2.72E-4">
            <referenceToFlowDataSet type="flow data set" refObjectId="08a91e70-3ddc-11dd-9f73-0050c2490048" version="01.00.000" uri="../flows/08a91e70-3ddc-11dd-9f73-0050c2490048">
                <common:shortDescription xml:lang="de">chromium</common:shortDescription>
            </referenceToFlowDataSet>
            <exchangeDirection>Output</exchangeDirection>
            <meanAmount>2.72E-4</meanAmount>
            <resultingAmount>2.72E-4</resultingAmount>
        </exchange>
        <exchange xmlns:olca="http://openlca.org/ilcd-extensions" dataSetInternalID="30" olca:unitId="f6963285-9a02-44a6-a470-350e75e10cc9" olca:propertyId="93a60a56-a3c8-11da-a746-0800200b9a66" olca:amount="3.21E-4">
            <referenceToFlowDataSet type="flow data set" refObjectId="fe0acd60-3ddc-11dd-a7a4-0050c2490048" version="01.00.000" uri="../flows/fe0acd60-3ddc-11dd-a7a4-0050c2490048">
                <common:shortDescription xml:lang="de">copper</common:shortDescription>
            </referenceToFlowDataSet>
            <exchangeDirection>Output</exchangeDirection>
            <meanAmount>3.21E-4</meanAmount>
            <resultingAmount>3.21E-4</resultingAmount>
        </exchange>
        <exchange xmlns:olca="http://openlca.org/ilcd-extensions" dataSetInternalID="31" olca:unitId="f6963285-9a02-44a6-a470-350e75e10cc9" olca:propertyId="93a60a56-a3c8-11da-a746-0800200b9a66" olca:amount="8.5E-6">
            <referenceToFlowDataSet type="flow data set" refObjectId="fe0acd60-3ddc-11dd-a7a0-0050c2490048" version="01.00.000" uri="../flows/fe0acd60-3ddc-11dd-a7a0-0050c2490048">
                <common:shortDescription xml:lang="de">copper</common:shortDescription>
            </referenceToFlowDataSet>
            <exchangeDirection>Output</exchangeDirection>
            <meanAmount>8.5E-6</meanAmount>
            <resultingAmount>8.5E-6</resultingAmount>
        </exchange>
        <exchange xmlns:olca="http://openlca.org/ilcd-extensions" dataSetInternalID="32" olca:unitId="f6963285-9a02-44a6-a470-350e75e10cc9" olca:propertyId="93a60a56-a3c8-11da-a746-0800200b9a66" olca:amount="2.09E-6">
            <referenceToFlowDataSet type="flow data set" refObjectId="fe0acd60-3ddc-11dd-a7d8-0050c2490048" version="01.00.000" uri="../flows/fe0acd60-3ddc-11dd-a7d8-0050c2490048">
                <common:shortDescription xml:lang="de">cyanide</common:shortDescription>
            </referenceToFlowDataSet>
            <exchangeDirection>Output</exchangeDirection>
            <meanAmount>2.09E-6</meanAmount>
            <resultingAmount>2.09E-6</resultingAmount>
        </exchange>
        <exchange xmlns:olca="http://openlca.org/ilcd-extensions" dataSetInternalID="33" olca:unitId="f6963285-9a02-44a6-a470-350e75e10cc9" olca:propertyId="93a60a56-a3c8-11da-a746-0800200b9a66" olca:amount="5.47E-10">
            <referenceToFlowDataSet type="flow data set" refObjectId="08a91e70-3ddc-11dd-9618-0050c2490048" version="01.00.000" uri="../flows/08a91e70-3ddc-11dd-9618-0050c2490048">
                <common:shortDescription xml:lang="de">dichloromethane</common:shortDescription>
            </referenceToFlowDataSet>
            <exchangeDirection>Output</exchangeDirection>
            <meanAmount>5.47E-10</meanAmount>
            <resultingAmount>5.47E-10</resultingAmount>
        </exchange>
        <exchange xmlns:olca="http://openlca.org/ilcd-extensions" dataSetInternalID="34" olca:unitId="f6963285-9a02-44a6-a470-350e75e10cc9" olca:propertyId="93a60a56-a3c8-11da-a746-0800200b9a66" olca:amount="6.21E-5">
            <referenceToFlowDataSet type="flow data set" refObjectId="fe0acd60-3ddc-11dd-a47d-0050c2490048" version="01.00.000" uri="../flows/fe0acd60-3ddc-11dd-a47d-0050c2490048">
                <common:shortDescription xml:lang="de">ethylene</common:shortDescription>
            </referenceToFlowDataSet>
            <exchangeDirection>Output</exchangeDirection>
            <meanAmount>6.21E-5</meanAmount>
            <resultingAmount>6.21E-5</resultingAmount>
        </exchange>
        <exchange xmlns:olca="http://openlca.org/ilcd-extensions" dataSetInternalID="35" olca:unitId="f6963285-9a02-44a6-a470-350e75e10cc9" olca:propertyId="93a60a56-a3c8-11da-a746-0800200b9a66" olca:amount="0.00152">
            <referenceToFlowDataSet type="flow data set" refObjectId="08a91e70-3ddc-11dd-93f7-0050c2490048" version="01.00.000" uri="../flows/08a91e70-3ddc-11dd-93f7-0050c2490048">
                <common:shortDescription xml:lang="de">fluoride</common:shortDescription>
            </referenceToFlowDataSet>
            <exchangeDirection>Output</exchangeDirection>
            <meanAmount>0.00152</meanAmount>
            <resultingAmount>0.00152</resultingAmount>
        </exchange>
        <exchange xmlns:olca="http://openlca.org/ilcd-extensions" dataSetInternalID="36" olca:unitId="f6963285-9a02-44a6-a470-350e75e10cc9" olca:propertyId="93a60a56-a3c8-11da-a746-0800200b9a66" olca:amount="0.0251">
            <referenceToFlowDataSet type="flow data set" refObjectId="08a91e70-3ddc-11dd-93fb-0050c2490048" version="01.00.000" uri="../flows/08a91e70-3ddc-11dd-93fb-0050c2490048">
                <common:shortDescription xml:lang="de">fluoride</common:shortDescription>
            </referenceToFlowDataSet>
            <exchangeDirection>Output</exchangeDirection>
            <meanAmount>0.0251</meanAmount>
            <resultingAmount>0.0251</resultingAmount>
        </exchange>
        <exchange xmlns:olca="http://openlca.org/ilcd-extensions" dataSetInternalID="37" olca:unitId="f6963285-9a02-44a6-a470-350e75e10cc9" olca:propertyId="93a60a56-a3c8-11da-a746-0800200b9a66" olca:amount="0.00416">
            <referenceToFlowDataSet type="flow data set" refObjectId="08a91e70-3ddc-11dd-941b-0050c2490048" version="01.00.000" uri="../flows/08a91e70-3ddc-11dd-941b-0050c2490048">
                <common:shortDescription xml:lang="de">formaldehyde</common:shortDescription>
            </referenceToFlowDataSet>
            <exchangeDirection>Output</exchangeDirection>
            <meanAmount>0.00416</meanAmount>
            <resultingAmount>0.00416</resultingAmount>
        </exchange>
        <exchange xmlns:olca="http://openlca.org/ilcd-extensions" dataSetInternalID="38" olca:unitId="f6963285-9a02-44a6-a470-350e75e10cc9" olca:propertyId="93a60a56-a3c8-11da-a746-0800200b9a66" olca:amount="0.115">
            <referenceToFlowDataSet type="flow data set" refObjectId="16fca482-33ec-4a4e-8abe-1aee7c976fa4" version="01.00.000" uri="../flows/16fca482-33ec-4a4e-8abe-1aee7c976fa4">
                <common:shortDescription xml:lang="de">Gesamtstaub</common:shortDescription>
            </referenceToFlowDataSet>
            <exchangeDirection>Output</exchangeDirection>
            <meanAmount>0.115</meanAmount>
            <resultingAmount>0.115</resultingAmount>
        </exchange>
        <exchange xmlns:olca="http://openlca.org/ilcd-extensions" dataSetInternalID="39" olca:unitId="f6963285-9a02-44a6-a470-350e75e10cc9" olca:propertyId="93a60a56-a3c8-11da-a746-0800200b9a66" olca:amount="3.87E-11">
            <referenceToFlowDataSet type="flow data set" refObjectId="08a91e70-3ddc-11dd-a2fb-0050c2490048" version="01.00.000" uri="../flows/08a91e70-3ddc-11dd-a2fb-0050c2490048">
                <common:shortDescription xml:lang="de">hexachlorobenzene</common:shortDescription>
            </referenceToFlowDataSet>
            <exchangeDirection>Output</exchangeDirection>
            <meanAmount>3.87E-11</meanAmount>
            <resultingAmount>3.87E-11</resultingAmount>
        </exchange>
        <exchange xmlns:olca="http://openlca.org/ilcd-extensions" dataSetInternalID="40" olca:unitId="f6963285-9a02-44a6-a470-350e75e10cc9" olca:propertyId="93a60a56-a3c8-11da-a746-0800200b9a66" olca:amount="7.82E-9">
            <referenceToFlowDataSet type="flow data set" refObjectId="eead56ae-2d56-41c2-af65-6855ef45ec01" version="01.00.000" uri="../flows/eead56ae-2d56-41c2-af65-6855ef45ec01">
                <common:shortDescription xml:lang="de">HFCs (fluorierte KW)1)</common:shortDescription>
            </referenceToFlowDataSet>
            <exchangeDirection>Output</exchangeDirection>
            <meanAmount>7.82E-9</meanAmount>
            <resultingAmount>7.82E-9</resultingAmount>
        </exchange>
        <exchange xmlns:olca="http://openlca.org/ilcd-extensions" dataSetInternalID="41" olca:unitId="f6963285-9a02-44a6-a470-350e75e10cc9" olca:propertyId="93a60a56-a3c8-11da-a746-0800200b9a66" olca:amount="4.03E-5">
            <referenceToFlowDataSet type="flow data set" refObjectId="83a94aff-e2ee-4ed9-881a-e096d132cdc3" version="01.00.000" uri="../flows/83a94aff-e2ee-4ed9-881a-e096d132cdc3">
                <common:shortDescription xml:lang="de">Hydrocarbons, chlorinated</common:shortDescription>
            </referenceToFlowDataSet>
            <exchangeDirection>Output</exchangeDirection>
            <meanAmount>4.03E-5</meanAmount>
            <resultingAmount>4.03E-5</resultingAmount>
        </exchange>
        <exchange xmlns:olca="http://openlca.org/ilcd-extensions" dataSetInternalID="42" olca:unitId="f6963285-9a02-44a6-a470-350e75e10cc9" olca:propertyId="93a60a56-a3c8-11da-a746-0800200b9a66" olca:amount="9.01E-5">
            <referenceToFlowDataSet type="flow data set" refObjectId="08a91e70-3ddc-11dd-94a9-0050c2490048" version="01.00.000" uri="../flows/08a91e70-3ddc-11dd-94a9-0050c2490048">
                <common:shortDescription xml:lang="de">hydrogen sulfide</common:shortDescription>
            </referenceToFlowDataSet>
            <exchangeDirection>Output</exchangeDirection>
            <meanAmount>9.01E-5</meanAmount>
            <resultingAmount>9.01E-5</resultingAmount>
        </exchange>
        <exchange xmlns:olca="http://openlca.org/ilcd-extensions" dataSetInternalID="43" olca:unitId="f6963285-9a02-44a6-a470-350e75e10cc9" olca:propertyId="93a60a56-a3c8-11da-a746-0800200b9a66" olca:amount="2.44E-4">
            <referenceToFlowDataSet type="flow data set" refObjectId="4d9a8790-3ddd-11dd-91e0-0050c2490048" version="01.00.000" uri="../flows/4d9a8790-3ddd-11dd-91e0-0050c2490048">
                <common:shortDescription xml:lang="de">lead</common:shortDescription>
            </referenceToFlowDataSet>
            <exchangeDirection>Output</exchangeDirection>
            <meanAmount>2.44E-4</meanAmount>
            <resultingAmount>2.44E-4</resultingAmount>
        </exchange>
        <exchange xmlns:olca="http://openlca.org/ilcd-extensions" dataSetInternalID="44" olca:unitId="f6963285-9a02-44a6-a470-350e75e10cc9" olca:propertyId="93a60a56-a3c8-11da-a746-0800200b9a66" olca:amount="4.27E-6">
            <referenceToFlowDataSet type="flow data set" refObjectId="4d9a8790-3ddd-11dd-91dc-0050c2490048" version="01.00.000" uri="../flows/4d9a8790-3ddd-11dd-91dc-0050c2490048">
                <common:shortDescription xml:lang="de">lead</common:shortDescription>
            </referenceToFlowDataSet>
            <exchangeDirection>Output</exchangeDirection>
            <meanAmount>4.27E-6</meanAmount>
            <resultingAmount>4.27E-6</resultingAmount>
        </exchange>
        <exchange xmlns:olca="http://openlca.org/ilcd-extensions" dataSetInternalID="45" olca:unitId="f6963285-9a02-44a6-a470-350e75e10cc9" olca:propertyId="93a60a56-a3c8-11da-a746-0800200b9a66" olca:amount="4.6E-5">
            <referenceToFlowDataSet type="flow data set" refObjectId="fe0acd60-3ddc-11dd-a8c8-0050c2490048" version="01.00.000" uri="../flows/fe0acd60-3ddc-11dd-a8c8-0050c2490048">
                <common:shortDescription xml:lang="de">mercury</common:shortDescription>
            </referenceToFlowDataSet>
            <exchangeDirection>Output</exchangeDirection>
            <meanAmount>4.6E-5</meanAmount>
            <resultingAmount>4.6E-5</resultingAmount>
        </exchange>
        <exchange xmlns:olca="http://openlca.org/ilcd-extensions" dataSetInternalID="46" olca:unitId="f6963285-9a02-44a6-a470-350e75e10cc9" olca:propertyId="93a60a56-a3c8-11da-a746-0800200b9a66" olca:amount="1.14E-6">
            <referenceToFlowDataSet type="flow data set" refObjectId="fe0acd60-3ddc-11dd-a8c4-0050c2490048" version="01.00.000" uri="../flows/fe0acd60-3ddc-11dd-a8c4-0050c2490048">
                <common:shortDescription xml:lang="de">mercury</common:shortDescription>
            </referenceToFlowDataSet>
            <exchangeDirection>Output</exchangeDirection>
            <meanAmount>1.14E-6</meanAmount>
            <resultingAmount>1.14E-6</resultingAmount>
        </exchange>
        <exchange xmlns:olca="http://openlca.org/ilcd-extensions" dataSetInternalID="47" olca:unitId="f6963285-9a02-44a6-a470-350e75e10cc9" olca:propertyId="93a60a56-a3c8-11da-a746-0800200b9a66" olca:amount="7.13E-4">
            <referenceToFlowDataSet type="flow data set" refObjectId="fe0acd60-3ddc-11dd-a8e8-0050c2490048" version="01.00.000" uri="../flows/fe0acd60-3ddc-11dd-a8e8-0050c2490048">
                <common:shortDescription xml:lang="de">methane (biogenic)</common:shortDescription>
            </referenceToFlowDataSet>
            <exchangeDirection>Output</exchangeDirection>
            <meanAmount>7.13E-4</meanAmount>
            <resultingAmount>7.13E-4</resultingAmount>
        </exchange>
        <exchange xmlns:olca="http://openlca.org/ilcd-extensions" dataSetInternalID="48" olca:unitId="f6963285-9a02-44a6-a470-350e75e10cc9" olca:propertyId="93a60a56-a3c8-11da-a746-0800200b9a66" olca:amount="0.0688">
            <referenceToFlowDataSet type="flow data set" refObjectId="08a91e70-3ddc-11dd-9610-0050c2490048" version="01.00.000" uri="../flows/08a91e70-3ddc-11dd-9610-0050c2490048">
                <common:shortDescription xml:lang="de">methane (fossil)</common:shortDescription>
            </referenceToFlowDataSet>
            <exchangeDirection>Output</exchangeDirection>
            <meanAmount>0.0688</meanAmount>
            <resultingAmount>0.0688</resultingAmount>
        </exchange>
        <exchange xmlns:olca="http://openlca.org/ilcd-extensions" dataSetInternalID="49" olca:unitId="f6963285-9a02-44a6-a470-350e75e10cc9" olca:propertyId="93a60a56-a3c8-11da-a746-0800200b9a66" olca:amount="3.56E-9">
            <referenceToFlowDataSet type="flow data set" refObjectId="9ae44d44-e251-11e6-bf01-fe55135034f3" version="01.00.000" uri="../flows/9ae44d44-e251-11e6-bf01-fe55135034f3">
                <common:shortDescription xml:lang="de">Methyl chloroform</common:shortDescription>
            </referenceToFlowDataSet>
            <exchangeDirection>Output</exchangeDirection>
            <meanAmount>3.56E-9</meanAmount>
            <resultingAmount>3.56E-9</resultingAmount>
        </exchange>
        <exchange xmlns:olca="http://openlca.org/ilcd-extensions" dataSetInternalID="50" olca:unitId="f6963285-9a02-44a6-a470-350e75e10cc9" olca:propertyId="93a60a56-a3c8-11da-a746-0800200b9a66" olca:amount="3.21E-4">
            <referenceToFlowDataSet type="flow data set" refObjectId="08a91e70-3ddc-11dd-96cc-0050c2490048" version="01.00.000" uri="../flows/08a91e70-3ddc-11dd-96cc-0050c2490048">
                <common:shortDescription xml:lang="de">nickel</common:shortDescription>
            </referenceToFlowDataSet>
            <exchangeDirection>Output</exchangeDirection>
            <meanAmount>3.21E-4</meanAmount>
            <resultingAmount>3.21E-4</resultingAmount>
        </exchange>
        <exchange xmlns:olca="http://openlca.org/ilcd-extensions" dataSetInternalID="51" olca:unitId="f6963285-9a02-44a6-a470-350e75e10cc9" olca:propertyId="93a60a56-a3c8-11da-a746-0800200b9a66" olca:amount="4.25E-5">
            <referenceToFlowDataSet type="flow data set" refObjectId="08a91e70-3ddc-11dd-96c8-0050c2490048" version="01.00.000" uri="../flows/08a91e70-3ddc-11dd-96c8-0050c2490048">
                <common:shortDescription xml:lang="de">nickel</common:shortDescription>
            </referenceToFlowDataSet>
            <exchangeDirection>Output</exchangeDirection>
            <meanAmount>4.25E-5</meanAmount>
            <resultingAmount>4.25E-5</resultingAmount>
        </exchange>
        <exchange xmlns:olca="http://openlca.org/ilcd-extensions" dataSetInternalID="52" olca:unitId="f6963285-9a02-44a6-a470-350e75e10cc9" olca:propertyId="93a60a56-a3c8-11da-a746-0800200b9a66" olca:amount="4.56">
            <referenceToFlowDataSet type="flow data set" refObjectId="4d9a8790-3ddd-11dd-8d68-0050c2490048" version="01.00.000" uri="../flows/4d9a8790-3ddd-11dd-8d68-0050c2490048">
                <common:shortDescription xml:lang="de">nitrate</common:shortDescription>
            </referenceToFlowDataSet>
            <exchangeDirection>Output</exchangeDirection>
            <meanAmount>4.56</meanAmount>
            <resultingAmount>4.56</resultingAmount>
        </exchange>
        <exchange xmlns:olca="http://openlca.org/ilcd-extensions" dataSetInternalID="53" olca:unitId="f6963285-9a02-44a6-a470-350e75e10cc9" olca:propertyId="93a60a56-a3c8-11da-a746-0800200b9a66" olca:amount="1.03">
            <referenceToFlowDataSet type="flow data set" refObjectId="3624d70d-4e4b-4927-9b84-b40e26c58e6d" version="01.00.000" uri="../flows/3624d70d-4e4b-4927-9b84-b40e26c58e6d">
                <common:shortDescription xml:lang="de">nitrogen, total (excluding N2)</common:shortDescription>
            </referenceToFlowDataSet>
            <exchangeDirection>Output</exchangeDirection>
            <meanAmount>1.03</meanAmount>
            <resultingAmount>1.03</resultingAmount>
        </exchange>
        <exchange xmlns:olca="http://openlca.org/ilcd-extensions" dataSetInternalID="54" olca:unitId="f6963285-9a02-44a6-a470-350e75e10cc9" olca:propertyId="93a60a56-a3c8-11da-a746-0800200b9a66" olca:amount="0.00399">
            <referenceToFlowDataSet type="flow data set" refObjectId="08a91e70-3ddc-11dd-94c3-0050c2490048" version="01.00.000" uri="../flows/08a91e70-3ddc-11dd-94c3-0050c2490048">
                <common:shortDescription xml:lang="de">nitrous oxide</common:shortDescription>
            </referenceToFlowDataSet>
            <exchangeDirection>Output</exchangeDirection>
            <meanAmount>0.00399</meanAmount>
            <resultingAmount>0.00399</resultingAmount>
        </exchange>
        <exchange xmlns:olca="http://openlca.org/ilcd-extensions" dataSetInternalID="55" olca:unitId="f6963285-9a02-44a6-a470-350e75e10cc9" olca:propertyId="93a60a56-a3c8-11da-a746-0800200b9a66" olca:amount="0.195">
            <referenceToFlowDataSet type="flow data set" refObjectId="08a91e70-3ddc-11dd-a302-0050c2490048" version="01.00.000" uri="../flows/08a91e70-3ddc-11dd-a302-0050c2490048">
                <common:shortDescription xml:lang="de">non-methane volatile organic compounds</common:shortDescription>
            </referenceToFlowDataSet>
            <exchangeDirection>Output</exchangeDirection>
            <meanAmount>0.195</meanAmount>
            <resultingAmount>0.195</resultingAmount>
        </exchange>
        <exchange xmlns:olca="http://openlca.org/ilcd-extensions" dataSetInternalID="56" olca:unitId="f6963285-9a02-44a6-a470-350e75e10cc9" olca:propertyId="93a60a56-a3c8-11da-a746-0800200b9a66" olca:amount="0.43">
            <referenceToFlowDataSet type="flow data set" refObjectId="11508d8a-1747-4ab8-9936-d7e2ca50c4c4" version="01.00.000" uri="../flows/11508d8a-1747-4ab8-9936-d7e2ca50c4c4">
                <common:shortDescription xml:lang="de">NOx (as NO2)</common:shortDescription>
            </referenceToFlowDataSet>
            <exchangeDirection>Output</exchangeDirection>
            <meanAmount>0.43</meanAmount>
            <resultingAmount>0.43</resultingAmount>
        </exchange>
        <exchange xmlns:olca="http://openlca.org/ilcd-extensions" dataSetInternalID="57" olca:unitId="f6963285-9a02-44a6-a470-350e75e10cc9" olca:propertyId="93a60a56-a3c8-11da-a746-0800200b9a66" olca:amount="1.29E-6">
            <referenceToFlowDataSet type="flow data set" refObjectId="d3689759-c61a-4c72-9fe4-7a099b06f8cf" version="01.00.000" uri="../flows/d3689759-c61a-4c72-9fe4-7a099b06f8cf">
                <common:shortDescription xml:lang="de">Org. Zinnverbindungen (als Sn)</common:shortDescription>
            </referenceToFlowDataSet>
            <exchangeDirection>Output</exchangeDirection>
            <meanAmount>1.29E-6</meanAmount>
            <resultingAmount>1.29E-6</resultingAmount>
        </exchange>
        <exchange xmlns:olca="http://openlca.org/ilcd-extensions" dataSetInternalID="58" olca:unitId="f6963285-9a02-44a6-a470-350e75e10cc9" olca:propertyId="93a60a56-a3c8-11da-a746-0800200b9a66" olca:amount="0.0208">
            <referenceToFlowDataSet type="flow data set" refObjectId="d86c3abc-6555-11dd-ad8b-0800200c9a66" version="01.00.000" uri="../flows/d86c3abc-6555-11dd-ad8b-0800200c9a66">
                <common:shortDescription xml:lang="de">particles (PM10)</common:shortDescription>
            </referenceToFlowDataSet>
            <exchangeDirection>Output</exchangeDirection>
            <meanAmount>0.0208</meanAmount>
            <resultingAmount>0.0208</resultingAmount>
        </exchange>
        <exchange xmlns:olca="http://openlca.org/ilcd-extensions" dataSetInternalID="59" olca:unitId="f6963285-9a02-44a6-a470-350e75e10cc9" olca:propertyId="93a60a56-a3c8-11da-a746-0800200b9a66" olca:amount="0.0713">
            <referenceToFlowDataSet type="flow data set" refObjectId="08a91e70-3ddc-11dd-91be-0050c2490048" version="01.00.000" uri="../flows/08a91e70-3ddc-11dd-91be-0050c2490048">
                <common:shortDescription xml:lang="de">particles (PM10)</common:shortDescription>
            </referenceToFlowDataSet>
            <exchangeDirection>Output</exchangeDirection>
            <meanAmount>0.0713</meanAmount>
            <resultingAmount>0.0713</resultingAmount>
        </exchange>
        <exchange xmlns:olca="http://openlca.org/ilcd-extensions" dataSetInternalID="60" olca:unitId="f6963285-9a02-44a6-a470-350e75e10cc9" olca:propertyId="93a60a56-a3c8-11da-a746-0800200b9a66" olca:amount="9.34E-8">
            <referenceToFlowDataSet type="flow data set" refObjectId="08a91e70-3ddc-11dd-9127-0050c2490048" version="01.00.000" uri="../flows/08a91e70-3ddc-11dd-9127-0050c2490048">
                <common:shortDescription xml:lang="de">pentachlorophenol</common:shortDescription>
            </referenceToFlowDataSet>
            <exchangeDirection>Output</exchangeDirection>
            <meanAmount>9.34E-8</meanAmount>
            <resultingAmount>9.34E-8</resultingAmount>
        </exchange>
        <exchange xmlns:olca="http://openlca.org/ilcd-extensions" dataSetInternalID="61" olca:unitId="f6963285-9a02-44a6-a470-350e75e10cc9" olca:propertyId="93a60a56-a3c8-11da-a746-0800200b9a66" olca:amount="2.39E-8">
            <referenceToFlowDataSet type="flow data set" refObjectId="52e128fe-8952-4bb0-b512-c4b0a5943910" version="01.00.000" uri="../flows/52e128fe-8952-4bb0-b512-c4b0a5943910">
                <common:shortDescription xml:lang="de">PFCs (perfluorierte KW)2)</common:shortDescription>
            </referenceToFlowDataSet>
            <exchangeDirection>Output</exchangeDirection>
            <meanAmount>2.39E-8</meanAmount>
            <resultingAmount>2.39E-8</resultingAmount>
        </exchange>
        <exchange xmlns:olca="http://openlca.org/ilcd-extensions" dataSetInternalID="62" olca:unitId="f6963285-9a02-44a6-a470-350e75e10cc9" olca:propertyId="93a60a56-a3c8-11da-a746-0800200b9a66" olca:amount="6.22E-5">
            <referenceToFlowDataSet type="flow data set" refObjectId="0d62b8ba-01ef-4d12-9a79-a82cd93d2f0e" version="01.00.000" uri="../flows/0d62b8ba-01ef-4d12-9a79-a82cd93d2f0e">
                <common:shortDescription xml:lang="de">Phenole (als gesamt C)</common:shortDescription>
            </referenceToFlowDataSet>
            <exchangeDirection>Output</exchangeDirection>
            <meanAmount>6.22E-5</meanAmount>
            <resultingAmount>6.22E-5</resultingAmount>
        </exchange>
        <exchange xmlns:olca="http://openlca.org/ilcd-extensions" dataSetInternalID="63" olca:unitId="f6963285-9a02-44a6-a470-350e75e10cc9" olca:propertyId="93a60a56-a3c8-11da-a746-0800200b9a66" olca:amount="0.0502">
            <referenceToFlowDataSet type="flow data set" refObjectId="631b2cb3-35e6-4c01-ab28-9b49dbb115df" version="01.00.000" uri="../flows/631b2cb3-35e6-4c01-ab28-9b49dbb115df">
                <common:shortDescription xml:lang="de">Phosphorus</common:shortDescription>
            </referenceToFlowDataSet>
            <exchangeDirection>Output</exchangeDirection>
            <meanAmount>0.0502</meanAmount>
            <resultingAmount>0.0502</resultingAmount>
        </exchange>
    </exchanges>
    <LCIAResults>
        <LCIAResult>
            <referenceToLCIAMethodDataSet refObjectId="f27e88ec-ac0d-48f2-82eb-6ce2ad117bd9">
                <common:shortDescription xml:lang="de">KEA, absolut (Kumulierter Energieaufwand)</common:shortDescription>
            </referenceToLCIAMethodDataSet>
            <meanAmount>2149.0</meanAmount>
        </LCIAResult>
        <LCIAResult>
            <referenceToLCIAMethodDataSet refObjectId="0112e78e-eeee-4a4d-8e1a-6c7eead1cfca">
                <common:shortDescription xml:lang="de">KEA, erneuerbar</common:shortDescription>
            </referenceToLCIAMethodDataSet>
            <meanAmount>1226.0</meanAmount>
        </LCIAResult>
        <LCIAResult>
            <referenceToLCIAMethodDataSet refObjectId="e4566c8b-9e32-44eb-8ba5-7543cf712222">
                <common:shortDescription xml:lang="de">KEA, fossil</common:shortDescription>
            </referenceToLCIAMethodDataSet>
            <meanAmount>818.0</meanAmount>
        </LCIAResult>
        <LCIAResult>
            <referenceToLCIAMethodDataSet refObjectId="9baf774c-8035-41a9-8fa6-e2c6b39dda50">
                <common:shortDescription xml:lang="de">KEA, nuklear</common:shortDescription>
            </referenceToLCIAMethodDataSet>
            <meanAmount>105.0</meanAmount>
        </LCIAResult>
        <LCIAResult>
            <referenceToLCIAMethodDataSet refObjectId="5e0c0def-8819-41aa-8c65-c41e029231f8">
                <common:shortDescription xml:lang="de">KEA, sonstige</common:shortDescription>
            </referenceToLCIAMethodDataSet>
            <meanAmount>1.67E-5</meanAmount>
        </LCIAResult>
        <LCIAResult>
            <referenceToLCIAMethodDataSet refObjectId="1f423aa1-47ae-48a3-b4f7-917a64530fd7">
                <common:shortDescription xml:lang="de">KEV, absolut (Kumulierter Energieverbrauch)</common:shortDescription>
            </referenceToLCIAMethodDataSet>
            <meanAmount>949.0</meanAmount>
        </LCIAResult>
        <LCIAResult>
            <referenceToLCIAMethodDataSet refObjectId="66ea4732-e5e0-4fc4-91eb-6ff6970bfde7">
                <common:shortDescription xml:lang="de">KEV, erneuerbar</common:shortDescription>
            </referenceToLCIAMethodDataSet>
            <meanAmount>26.4</meanAmount>
        </LCIAResult>
        <LCIAResult>
            <referenceToLCIAMethodDataSet refObjectId="1e91e6cb-3a92-474a-a530-3530a7ed35f1">
                <common:shortDescription xml:lang="de">KEV, fossil</common:shortDescription>
            </referenceToLCIAMethodDataSet>
            <meanAmount>818.0</meanAmount>
        </LCIAResult>
        <LCIAResult>
            <referenceToLCIAMethodDataSet refObjectId="378c41dd-e5cb-4f60-a583-253f8874321e">
                <common:shortDescription xml:lang="de">KEV, nuklear</common:shortDescription>
            </referenceToLCIAMethodDataSet>
            <meanAmount>105.0</meanAmount>
        </LCIAResult>
        <LCIAResult>
            <referenceToLCIAMethodDataSet refObjectId="342c0b66-1f97-4393-8190-f5716c683fa1">
                <common:shortDescription xml:lang="de">KEV, sonstige</common:shortDescription>
            </referenceToLCIAMethodDataSet>
            <meanAmount>1.67E-5</meanAmount>
        </LCIAResult>
        <LCIAResult>
            <referenceToLCIAMethodDataSet refObjectId="391f661e-9024-452a-9a09-f38d9ba13d9a">
                <common:shortDescription xml:lang="de">KRA, absolut (Kumulierter Rohstoffaufwand)</common:shortDescription>
            </referenceToLCIAMethodDataSet>
            <meanAmount>1250.0</meanAmount>
        </LCIAResult>
        <LCIAResult>
            <referenceToLCIAMethodDataSet refObjectId="ba13a8ac-6155-4aa4-8b67-ce2aea6b0fbb">
                <common:shortDescription xml:lang="de">KRA, Biotisch. Rohstoffaufwand</common:shortDescription>
            </referenceToLCIAMethodDataSet>
            <meanAmount>1030.0</meanAmount>
        </LCIAResult>
        <LCIAResult>
            <referenceToLCIAMethodDataSet refObjectId="5918ff51-99db-4b5e-b648-29639f68719b">
                <common:shortDescription xml:lang="de">KRA, Energierohstoffe</common:shortDescription>
            </referenceToLCIAMethodDataSet>
            <meanAmount>24.7</meanAmount>
        </LCIAResult>
        <LCIAResult>
            <referenceToLCIAMethodDataSet refObjectId="d3325cbb-a21e-4a7d-8bc0-1f3985dac0d6">
                <common:shortDescription xml:lang="de">KRA, Metallrohstoffe</common:shortDescription>
            </referenceToLCIAMethodDataSet>
            <meanAmount>0.0241</meanAmount>
        </LCIAResult>
        <LCIAResult>
            <referenceToLCIAMethodDataSet refObjectId="1a7b5a24-3c4e-43f2-a9f5-065f1c0070d6">
                <common:shortDescription xml:lang="de">KRA, sonstige mineral. Rohstoffe</common:shortDescription>
            </referenceToLCIAMethodDataSet>
            <meanAmount>197.0</meanAmount>
        </LCIAResult>
        <LCIAResult>
            <referenceToLCIAMethodDataSet refObjectId="9ff21b4e-ab3f-4081-9c1b-2e73533b984e">
                <common:shortDescription xml:lang="de">KRA, Steine und Erden</common:shortDescription>
            </referenceToLCIAMethodDataSet>
            <meanAmount>2.66</meanAmount>
        </LCIAResult>
        <LCIAResult>
            <referenceToLCIAMethodDataSet refObjectId="e2a18795-1377-47b5-af34-c09c01cac12f">
                <common:shortDescription xml:lang="de">Aquatische Eutrophierung</common:shortDescription>
            </referenceToLCIAMethodDataSet>
            <meanAmount>0.614</meanAmount>
        </LCIAResult>
        <LCIAResult>
            <referenceToLCIAMethodDataSet refObjectId="7551ad11-e23b-4b3b-9c3c-acd0337ea581">
                <common:shortDescription xml:lang="de">Sommersmog</common:shortDescription>
            </referenceToLCIAMethodDataSet>
            <meanAmount>0.0256</meanAmount>
        </LCIAResult>
        <LCIAResult>
            <referenceToLCIAMethodDataSet refObjectId="248480ec-5c23-4e8a-b523-d5bded492510">
                <common:shortDescription xml:lang="de">Stratosphärischer Ozonabbau</common:shortDescription>
            </referenceToLCIAMethodDataSet>
            <meanAmount>6.8500000000000005</meanAmount>
        </LCIAResult>
        <LCIAResult>
            <referenceToLCIAMethodDataSet refObjectId="8f477a2f-d3db-4b56-b996-e5a4d8eb351c">
                <common:shortDescription xml:lang="de">Terrestrische Eutrophierung</common:shortDescription>
            </referenceToLCIAMethodDataSet>
            <meanAmount>0.0573</meanAmount>
        </LCIAResult>
        <LCIAResult>
            <referenceToLCIAMethodDataSet refObjectId="b2df61f8-1825-42f8-a163-895a8dcfd9a9">
                <common:shortDescription xml:lang="de">Treibhauseffekt</common:shortDescription>
            </referenceToLCIAMethodDataSet>
            <meanAmount>139.0</meanAmount>
        </LCIAResult>
        <LCIAResult>
            <referenceToLCIAMethodDataSet refObjectId="47782e9d-4b4e-4122-ba33-45bcfdaaac60">
                <common:shortDescription xml:lang="de">Versauerung</common:shortDescription>
            </referenceToLCIAMethodDataSet>
            <meanAmount>0.682</meanAmount>
        </LCIAResult>
    </LCIAResults>
</processDataSet>
