<?xml version="1.0" encoding="utf-8"?>
<?xml-stylesheet version="1.0" href="../../stylesheets/unitgroup2html.xsl" type="text/xsl"?>
<unitGroupDataSet xmlns="http://lca.jrc.it/ILCD/UnitGroup" xmlns:common="http://lca.jrc.it/ILCD/Common" xmlns:xsi="http://www.w3.org/2001/XMLSchema-instance" xsi:schemaLocation="http://lca.jrc.it/ILCD/UnitGroup ../../schemas/ILCD_UnitGroupDataSet.xsd" version="1.1">
   <unitGroupInformation>
      <dataSetInformation>
         <common:UUID>56bf1566-e0b6-4d83-ad64-307e13463a16</common:UUID>
         <common:name xml:lang="en">Units of vehicle kilometers</common:name>
         <classificationInformation>
            <common:classification>
               <common:class level="0">Technical unit groups</common:class>
            </common:classification>
         </classificationInformation>
         <common:generalComment xml:lang="en">unit group added for Probas1 import).</common:generalComment>
      </dataSetInformation>
      <quantitativeReference>
         <referenceToReferenceUnit>0</referenceToReferenceUnit>
      </quantitativeReference>
   </unitGroupInformation>
   <modellingAndValidation/>
   <administrativeInformation>
      <dataEntryBy/>
      <publicationAndOwnership>
         <common:dataSetVersion>00.01.001</common:dataSetVersion>
      </publicationAndOwnership>
   </administrativeInformation>
   <units>
      <unit dataSetInternalID="0">
         <name>vkm</name>
         <meanValue>1.0</meanValue>
         <generalComment xml:lang="en">vehicle kilometre</generalComment>
      </unit>
   </units>
</unitGroupDataSet>