<?xml version="1.0" encoding="utf-8" standalone="no"?>
<?xml-stylesheet type='text/xsl' href='../../stylesheets/unitgroup2html.xsl' ?><unitGroupDataSet xmlns="http://lca.jrc.it/ILCD/UnitGroup" xmlns:common="http://lca.jrc.it/ILCD/Common" xmlns:xsi="http://www.w3.org/2001/XMLSchema-instance" version="1.1" xsi:schemaLocation="http://lca.jrc.it/ILCD/UnitGroup ../../schemas/ILCD_UnitGroupDataSet.xsd">
  <unitGroupInformation>
    <dataSetInformation>
      <common:UUID>5beb6eed-33a9-47b8-9ede-1dfe8f679159</common:UUID>
      <common:name xml:lang="en">Units of items</common:name>
      <classificationInformation>
        <common:classification>
          <common:class level="0">Technical unit groups</common:class>
        </common:classification>
      </classificationInformation>
      <common:generalComment xml:lang="en">Reference Unit Group Data Set of the International Reference Life Cycle Data System (ILCD). Note: this unit group refers to all countable
        items, including number of cases, persons, products and similar. </common:generalComment>
    </dataSetInformation>
    <quantitativeReference>
      <referenceToReferenceUnit>0</referenceToReferenceUnit>
    </quantitativeReference>
  </unitGroupInformation>
  <modellingAndValidation>
    <complianceDeclarations>
      <compliance>
        <common:referenceToComplianceSystem refObjectId="9ba3ac1e-6797-4cc0-afd5-1b8f7bf28c6a" type="source data set" uri="../sources/9ba3ac1e-6797-4cc0-afd5-1b8f7bf28c6a.xml">
          <common:shortDescription>ILCD Data Network - compliance (non-Process)</common:shortDescription>
        </common:referenceToComplianceSystem>
        <common:approvalOfOverallCompliance>Fully compliant</common:approvalOfOverallCompliance>
      </compliance>
    </complianceDeclarations>
  </modellingAndValidation>
  <administrativeInformation>
    <dataEntryBy>
      <common:timeStamp>2012-01-04T15:33:14.875+01:00</common:timeStamp>
      <common:referenceToDataSetFormat refObjectId="a97a0155-0234-4b87-b4ce-a45da52f2a40" type="source data set" uri="../sources/a97a0155-0234-4b87-b4ce-a45da52f2a40.xml">
        <common:shortDescription>ILCD format</common:shortDescription>
      </common:referenceToDataSetFormat>
    </dataEntryBy>
    <publicationAndOwnership>
      <common:dataSetVersion>03.00.003</common:dataSetVersion>
      <common:referenceToPrecedingDataSetVersion refObjectId="5beb6eed-33a9-47b8-9ede-1dfe8f679159" type="unit group data set" uri="http://lca.jrc.ec.europa.eu/lcainfohub/datasets/ilcd/unitgroups/Units_of_items_5beb6eed-33a9-47b8-9ede-1dfe8f679159_02.01.000.xml">
        <common:shortDescription xml:lang="en">Units of items</common:shortDescription>
      </common:referenceToPrecedingDataSetVersion>
      <common:permanentDataSetURI>http://lca.jrc.ec.europa.eu/lcainfohub/datasets/ilcd/unitgroups/5beb6eed-33a9-47b8-9ede-1dfe8f679159.xml</common:permanentDataSetURI>
    </publicationAndOwnership>
  </administrativeInformation>
  <units>
    <unit dataSetInternalID="0">
      <name>Item(s)</name>
      <meanValue>1.0</meanValue>
      <generalComment xml:lang="en">Number of items</generalComment>
    </unit>
    <unit dataSetInternalID="1">
      <name>Dozen(s)</name>
      <meanValue>12.0</meanValue>
      <generalComment xml:lang="en">Dozen(s) of items</generalComment>
    </unit>
  </units>
</unitGroupDataSet>
