<?xml version="1.0" encoding="utf-8" standalone="no"?>
<?xml-stylesheet version="1.0" href="../../stylesheets/unitgroup2html.xsl" type="text/xsl"?><unitGroupDataSet xmlns="http://lca.jrc.it/ILCD/UnitGroup" xmlns:common="http://lca.jrc.it/ILCD/Common" xmlns:xsi="http://www.w3.org/2001/XMLSchema-instance" version="1.1" xsi:schemaLocation="http://lca.jrc.it/ILCD/UnitGroup ../../schemas/ILCD_UnitGroupDataSet.xsd">
  <unitGroupInformation>
   <dataSetInformation>
     <common:UUID>93a60a57-a3c8-18da-a746-0800200c9a66</common:UUID>
     <common:name xml:lang="en">Units of area</common:name>
     <classificationInformation>
      <common:classification>
        <common:class level="0">Technical unit groups</common:class>
</common:classification>
</classificationInformation>
     <common:generalComment xml:lang="en">Reference Unit Group Data Set of the International Reference Life Cycle Data System (ILCD).</common:generalComment>
</dataSetInformation>
   <quantitativeReference>
     <referenceToReferenceUnit>0</referenceToReferenceUnit>
</quantitativeReference>
</unitGroupInformation>
  <modellingAndValidation>
   <complianceDeclarations>
     <compliance>
      <common:referenceToComplianceSystem refObjectId="9ba3ac1e-6797-4cc0-afd5-1b8f7bf28c6a" type="source data set" uri="../sources/9ba3ac1e-6797-4cc0-afd5-1b8f7bf28c6a.xml">
        <common:shortDescription>ILCD Data Network - compliance (non-Process)</common:shortDescription>
</common:referenceToComplianceSystem>
      <common:approvalOfOverallCompliance>Fully compliant</common:approvalOfOverallCompliance>
</compliance>
</complianceDeclarations>
</modellingAndValidation>
  <administrativeInformation>
   <dataEntryBy>
     <common:timeStamp>2012-01-04T15:33:14.875+01:00</common:timeStamp>
     <common:referenceToDataSetFormat refObjectId="a97a0155-0234-4b87-b4ce-a45da52f2a40" type="source data set" uri="../sources/a97a0155-0234-4b87-b4ce-a45da52f2a40.xml">
      <common:shortDescription>ILCD format</common:shortDescription>
</common:referenceToDataSetFormat>
</dataEntryBy>
   <publicationAndOwnership>
     <common:dataSetVersion>03.00.003</common:dataSetVersion>
     <common:referenceToPrecedingDataSetVersion refObjectId="93a60a57-a3c8-18da-a746-0800200c9a66" type="unit group data set" uri="http://lca.jrc.ec.europa.eu/lcainfohub/datasets/ilcd/unitgroups/Units_of_area_93a60a57-a3c8-18da-a746-0800200c9a66_02.00.000.xml">
        <common:shortDescription xml:lang="en">Units of area</common:shortDescription>
      </common:referenceToPrecedingDataSetVersion>
<common:permanentDataSetURI>http://lca.jrc.ec.europa.eu/lcainfohub/datasets/ilcd/unitgroups/93a60a57-a3c8-18da-a746-0800200c9a66.xml</common:permanentDataSetURI>
    </publicationAndOwnership>
</administrativeInformation>
  <units>
   <unit dataSetInternalID="0">
     <name>m2</name>
     <meanValue>1.0</meanValue>
     <generalComment xml:lang="en">Square metre</generalComment>
</unit>
   <unit dataSetInternalID="1">
     <name>km2</name>
     <meanValue>1000000.0</meanValue>
     <generalComment xml:lang="en">Square kilometre</generalComment>
</unit>
   <unit dataSetInternalID="2">
     <name>ha</name>
     <meanValue>10000.0</meanValue>
     <generalComment xml:lang="en">Hectare</generalComment>
</unit>
   <unit dataSetInternalID="3">
     <name>ft2</name>
     <meanValue>0.09290304</meanValue>
     <generalComment xml:lang="en">British square foot</generalComment>
</unit>
   <unit dataSetInternalID="4">
     <name>mi2</name>
     <meanValue>2589988.11</meanValue>
     <generalComment xml:lang="en">Square mile (international)</generalComment>
</unit>
   <unit dataSetInternalID="5">
     <name>ac</name>
     <meanValue>4046.856</meanValue>
     <generalComment xml:lang="en">Acre (US survey)</generalComment>
</unit>
   <unit dataSetInternalID="6">
     <name>yd2</name>
     <meanValue>0.83612736</meanValue>
     <generalComment xml:lang="en">Square yard (imperial/US)</generalComment>
</unit>
   <unit dataSetInternalID="7">
     <name>a</name>
     <meanValue>100.0</meanValue>
     <generalComment xml:lang="en">Are</generalComment>
</unit>
   <unit dataSetInternalID="8">
     <name>cm2</name>
     <meanValue>1.0E-4</meanValue>
     <generalComment xml:lang="en">Square centimetre</generalComment>
</unit>
   <unit dataSetInternalID="9">
     <name>nmi2</name>
     <meanValue>3429904.0</meanValue>
     <generalComment xml:lang="en">Square nautical mile</generalComment>
</unit>
</units>
</unitGroupDataSet>
