<?xml version="1.0" encoding="utf-8"?>
<LCIAMethodDataSet xmlns:common="http://lca.jrc.it/ILCD/Common" version="1.1" xmlns="http://lca.jrc.it/ILCD/LCIAMethod">
  <LCIAMethodInformation>
    <dataSetInformation>
      <common:UUID>d3325cbb-a21e-4a7d-8bc0-1f3985dac0d6</common:UUID>
      <common:name xml:lang="en">KRA, Metallrohstoffe</common:name>
      <methodology>UBA Probas</methodology>
      <impactCategory>other</impactCategory>
      <common:generalComment xml:lang="de">KRA = Kumulierter Rohstoffaufwand</common:generalComment>
    </dataSetInformation>
    <quantitativeReference>
      <referenceQuantity type="flow property data set" refObjectId="50934b1a-20dc-4bed-8334-6ae1f44fdf22">
        <common:shortDescription xml:lang="de">t</common:shortDescription>
        <common:shortDescription xml:lang="en">t</common:shortDescription>
      </referenceQuantity>
    </quantitativeReference>
    <geography />
  </LCIAMethodInformation>
  <modellingAndValidation />
  <administrativeInformation>
    <dataGenerator>
      <common:referenceToPersonOrEntityGeneratingTheDataSet type="contact data set" refObjectId="0a115508-df22-47d6-a974-355974c6626e">
        <common:shortDescription xml:lang="de">Umweltbundesamt</common:shortDescription>
        <common:shortDescription xml:lang="en">German Environment Agency(Umweltbundesamt – UBA)</common:shortDescription>
      </common:referenceToPersonOrEntityGeneratingTheDataSet>
    </dataGenerator>
    <dataEntryBy />
    <publicationAndOwnership>
      <common:dataSetVersion>02.22.170</common:dataSetVersion>
      <common:referenceToOwnershipOfDataSet type="contact data set" refObjectId="0a115508-df22-47d6-a974-355974c6626e">
        <common:shortDescription xml:lang="de">Umweltbundesamt</common:shortDescription>
        <common:shortDescription xml:lang="en">German Environment Agency(Umweltbundesamt – UBA)</common:shortDescription>
      </common:referenceToOwnershipOfDataSet>
    </publicationAndOwnership>
  </administrativeInformation>
</LCIAMethodDataSet>
