<?xml version="1.0" encoding="utf-8"?>
<LCIAMethodDataSet xmlns:common="http://lca.jrc.it/ILCD/Common" version="1.1" xmlns="http://lca.jrc.it/ILCD/LCIAMethod">
  <LCIAMethodInformation>
    <dataSetInformation>
      <common:UUID>d52283fe-1482-11d4-b41c-0080c88d3b6a</common:UUID>
      <common:name xml:lang="en">KEV-nichterneuerbar</common:name>
      <methodology>UBA Probas</methodology>
      <impactCategory>other</impactCategory>
      <common:generalComment xml:lang="de" />
    </dataSetInformation>
    <quantitativeReference>
      <referenceQuantity type="flow property data set" refObjectId="00f3ade8-c6c2-464e-9eca-c1ab89fe58d2">
        <common:shortDescription xml:lang="de">TJ</common:shortDescription>
        <common:shortDescription xml:lang="en">TJ</common:shortDescription>
      </referenceQuantity>
    </quantitativeReference>
    <geography />
  </LCIAMethodInformation>
  <modellingAndValidation />
  <administrativeInformation>
    <dataGenerator>
      <common:referenceToPersonOrEntityGeneratingTheDataSet type="contact data set" refObjectId="0a115508-df22-47d6-a974-355974c6626e">
        <common:shortDescription xml:lang="de">Umweltbundesamt</common:shortDescription>
        <common:shortDescription xml:lang="en">German Environment Agency(Umweltbundesamt – UBA)</common:shortDescription>
      </common:referenceToPersonOrEntityGeneratingTheDataSet>
    </dataGenerator>
    <dataEntryBy />
    <publicationAndOwnership>
      <common:dataSetVersion>02.22.170</common:dataSetVersion>
      <common:referenceToOwnershipOfDataSet type="contact data set" refObjectId="0a115508-df22-47d6-a974-355974c6626e">
        <common:shortDescription xml:lang="de">Umweltbundesamt</common:shortDescription>
        <common:shortDescription xml:lang="en">German Environment Agency(Umweltbundesamt – UBA)</common:shortDescription>
      </common:referenceToOwnershipOfDataSet>
    </publicationAndOwnership>
  </administrativeInformation>
</LCIAMethodDataSet>
