<?xml version="1.0" encoding="utf-8"?>
<LCIAMethodDataSet xmlns:common="http://lca.jrc.it/ILCD/Common" version="1.1" xmlns="http://lca.jrc.it/ILCD/LCIAMethod">
  <LCIAMethodInformation>
    <dataSetInformation>
      <common:UUID>e4566c8b-9e32-44eb-8ba5-7543cf712222</common:UUID>
      <common:name xml:lang="en">KEA, fossil</common:name>
      <methodology>UBA Probas</methodology>
      <impactCategory>other</impactCategory>
      <common:generalComment xml:lang="de">Unterer Heizwert, KEA = Kumulierter Energieaufwand</common:generalComment>
    </dataSetInformation>
    <quantitativeReference>
      <referenceQuantity type="flow property data set" refObjectId="f1965383-3f45-4620-825a-b4dbfd4cedd1">
        <common:shortDescription xml:lang="de">MJ</common:shortDescription>
        <common:shortDescription xml:lang="en">MJ</common:shortDescription>
      </referenceQuantity>
    </quantitativeReference>
    <geography />
  </LCIAMethodInformation>
  <modellingAndValidation />
  <administrativeInformation>
    <dataGenerator>
      <common:referenceToPersonOrEntityGeneratingTheDataSet type="contact data set" refObjectId="0a115508-df22-47d6-a974-355974c6626e">
        <common:shortDescription xml:lang="de">Umweltbundesamt</common:shortDescription>
        <common:shortDescription xml:lang="en">German Environment Agency(Umweltbundesamt – UBA)</common:shortDescription>
      </common:referenceToPersonOrEntityGeneratingTheDataSet>
    </dataGenerator>
    <dataEntryBy />
    <publicationAndOwnership>
      <common:dataSetVersion>02.22.170</common:dataSetVersion>
      <common:referenceToOwnershipOfDataSet type="contact data set" refObjectId="0a115508-df22-47d6-a974-355974c6626e">
        <common:shortDescription xml:lang="de">Umweltbundesamt</common:shortDescription>
        <common:shortDescription xml:lang="en">German Environment Agency(Umweltbundesamt – UBA)</common:shortDescription>
      </common:referenceToOwnershipOfDataSet>
    </publicationAndOwnership>
  </administrativeInformation>
</LCIAMethodDataSet>
