<?xml version="1.0" encoding="utf-8" standalone="no"?>
<?xml-stylesheet href="../../stylesheets/flowproperty2html.xsl" type="text/xsl"?><flowPropertyDataSet xmlns="http://lca.jrc.it/ILCD/FlowProperty" xmlns:common="http://lca.jrc.it/ILCD/Common" xmlns:xsi="http://www.w3.org/2001/XMLSchema-instance" version="1.1" xsi:schemaLocation="http://lca.jrc.it/ILCD/FlowProperty ../../schemas/ILCD_FlowPropertyDataSet.xsd">
  <flowPropertiesInformation>
    <dataSetInformation>
      <common:UUID>01846770-4cfe-4a25-8ad9-919d8d378345</common:UUID>
      <common:name xml:lang="en">Number of items</common:name>
      <classificationInformation>
        <common:classification>
          <common:class level="0">Technical flow properties</common:class>
        </common:classification>
      </classificationInformation>
      <common:generalComment xml:lang="en">Reference Flow Property Data Set of the International Reference Life Cycle Data System (ILCD).</common:generalComment>
    </dataSetInformation>
    <quantitativeReference>
      <referenceToReferenceUnitGroup refObjectId="5beb6eed-33a9-47b8-9ede-1dfe8f679159" type="unit group data set" uri="../unitgroups/5beb6eed-33a9-47b8-9ede-1dfe8f679159.xml">
        <common:shortDescription xml:lang="en">Units of pieces</common:shortDescription>
      </referenceToReferenceUnitGroup>
    </quantitativeReference>
  </flowPropertiesInformation>
  <modellingAndValidation>
    <complianceDeclarations>
      <compliance>
        <common:referenceToComplianceSystem refObjectId="9ba3ac1e-6797-4cc0-afd5-1b8f7bf28c6a" type="source data set" uri="../sources/9ba3ac1e-6797-4cc0-afd5-1b8f7bf28c6a.xml">
          <common:shortDescription>ILCD Data Network - compliance (non-Process)</common:shortDescription>
        </common:referenceToComplianceSystem>
        <common:approvalOfOverallCompliance>Fully compliant</common:approvalOfOverallCompliance>
      </compliance>
    </complianceDeclarations>
  </modellingAndValidation>
  <administrativeInformation>
    <dataEntryBy>
      <common:timeStamp>2012-01-04T15:33:14.875+01:00</common:timeStamp>
      <common:referenceToDataSetFormat refObjectId="a97a0155-0234-4b87-b4ce-a45da52f2a40" type="source data set" uri="../sources/a97a0155-0234-4b87-b4ce-a45da52f2a40.xml">
        <common:shortDescription>ILCD format</common:shortDescription>
      </common:referenceToDataSetFormat>
    </dataEntryBy>
    <publicationAndOwnership>
      <common:dataSetVersion>03.00.004</common:dataSetVersion>
      <common:referenceToPrecedingDataSetVersion refObjectId="01846770-4cfe-4a25-8ad9-919d8d378345" type="flow property data set" uri="http://lca.jrc.ec.europa.eu/lcainfohub/datasets/ilcd/flowproperties/Number_of_pieces_01846770-4cfe-4a25-8ad9-919d8d378345.xml">
        <common:shortDescription xml:lang="en">Number of items</common:shortDescription>
      </common:referenceToPrecedingDataSetVersion>
      <common:permanentDataSetURI>http://lca.jrc.ec.europa.eu/lcainfohub/datasets/ilcd/flowproperties/01846770-4cfe-4a25-8ad9-919d8d378345.xml</common:permanentDataSetURI>
    </publicationAndOwnership>
  </administrativeInformation>
</flowPropertyDataSet>
