<?xml version="1.0" encoding="utf-8"?>
<flowPropertyDataSet xmlns:common="http://lca.jrc.it/ILCD/Common" version="1.1" xmlns="http://lca.jrc.it/ILCD/FlowProperty">
  <flowPropertiesInformation>
    <dataSetInformation>
      <common:UUID>2a638e4f-42b6-4bcb-82fb-62ceeff20ccf</common:UUID>
      <common:name xml:lang="de">Masse KRA-Steine und Erden</common:name>
    </dataSetInformation>
    <quantitativeReference>
      <referenceToReferenceUnitGroup type="unit group data set" refObjectId="93a60a57-a4c8-11da-a746-0800200c9a66">
        <common:shortDescription xml:lang="de">Units of mass</common:shortDescription>
      </referenceToReferenceUnitGroup>
    </quantitativeReference>
  </flowPropertiesInformation>
  <modellingAndValidation />
  <administrativeInformation>
    <dataEntryBy />
    <publicationAndOwnership>
      <common:dataSetVersion>02.21.773</common:dataSetVersion>
      <common:referenceToOwnershipOfDataSet type="contact data set" refObjectId="0a115508-df22-47d6-a974-355974c6626e">
        <common:shortDescription xml:lang="de">Umweltbundesamt</common:shortDescription>
        <common:shortDescription xml:lang="en">German Environment Agency(Umweltbundesamt – UBA)</common:shortDescription>
      </common:referenceToOwnershipOfDataSet>
    </publicationAndOwnership>
  </administrativeInformation>
</flowPropertyDataSet>
