<?xml version="1.0" encoding="utf-8" standalone="no"?>
<?xml-stylesheet href="../../stylesheets/flowproperty2html.xsl" type="text/xsl"?><flowPropertyDataSet xmlns="http://lca.jrc.it/ILCD/FlowProperty" xmlns:common="http://lca.jrc.it/ILCD/Common" xmlns:xsi="http://www.w3.org/2001/XMLSchema-instance" version="1.1" xsi:schemaLocation="http://lca.jrc.it/ILCD/FlowProperty ../../schemas/ILCD_FlowPropertyDataSet.xsd">
  <flowPropertiesInformation>
    <dataSetInformation>
      <common:UUID>8aa70f37-a8e8-4f89-92eb-379bd7110df4</common:UUID>
      <common:name xml:lang="en">vehicle kilometer</common:name>
      <classificationInformation>
        <common:classification>
          <common:class level="0">Technical flow properties</common:class>
        </common:classification>
      </classificationInformation>
      <common:generalComment xml:lang="en">Temporary flow property added for Probas1 import.</common:generalComment>
    </dataSetInformation>
    <quantitativeReference>
      <referenceToReferenceUnitGroup refObjectId="56bf1566-e0b6-4d83-ad64-307e13463a16" type="unit group data set" uri="../unitgroups/56bf1566-e0b6-4d83-ad64-307e13463a16.xml">
        <common:shortDescription xml:lang="en">Units of vehicle kilometers</common:shortDescription>
      </referenceToReferenceUnitGroup>
    </quantitativeReference>
  </flowPropertiesInformation>
  <modellingAndValidation/>
  <administrativeInformation>
    <dataEntryBy>
      <common:timeStamp>2020-01-30T10:33:14.875+01:00</common:timeStamp>
    </dataEntryBy>
    <publicationAndOwnership>
      <common:dataSetVersion>00.01.001</common:dataSetVersion>
    </publicationAndOwnership>
  </administrativeInformation>
</flowPropertyDataSet>
