<?xml version="1.0" encoding="utf-8" standalone="no"?>
<?xml-stylesheet version="1.0.1" href="../../stylesheets/flowproperty2html.xsl" type="text/xsl"?><flowPropertyDataSet xmlns="http://lca.jrc.it/ILCD/FlowProperty" xmlns:common="http://lca.jrc.it/ILCD/Common" xmlns:xsi="http://www.w3.org/2001/XMLSchema-instance" version="1.1" xsi:schemaLocation="http://lca.jrc.it/ILCD/FlowProperty ../../schemas/ILCD_FlowPropertyDataSet.xsd">
  <flowPropertiesInformation>
   <dataSetInformation>
     <common:UUID>93a60a56-a3c8-19da-a746-0800200c9a66</common:UUID>
     <common:name xml:lang="en">Area</common:name>
     <common:synonyms xml:lang="en">Surface</common:synonyms>
     <classificationInformation>
      <common:classification>
        <common:class level="0">Technical flow properties</common:class>
</common:classification>
</classificationInformation>
     <common:generalComment xml:lang="en">Reference Flow Property Data Set of the International Reference Life Cycle Data System (ILCD).</common:generalComment>
</dataSetInformation>
   <quantitativeReference>
     <referenceToReferenceUnitGroup refObjectId="93a60a57-a3c8-18da-a746-0800200c9a66" type="unit group data set" uri="../unitgroups/93a60a57-a3c8-18da-a746-0800200c9a66.xml">
      <common:shortDescription xml:lang="en">Units of area</common:shortDescription>
</referenceToReferenceUnitGroup>
</quantitativeReference>
</flowPropertiesInformation>
  <modellingAndValidation>
   <complianceDeclarations>
     <compliance>
      <common:referenceToComplianceSystem refObjectId="9ba3ac1e-6797-4cc0-afd5-1b8f7bf28c6a" type="source data set" uri="../sources/9ba3ac1e-6797-4cc0-afd5-1b8f7bf28c6a.xml">
        <common:shortDescription>ILCD Data Network - compliance (non-Process)</common:shortDescription>
</common:referenceToComplianceSystem>
      <common:approvalOfOverallCompliance>Fully compliant</common:approvalOfOverallCompliance>
</compliance>
</complianceDeclarations>
</modellingAndValidation>
  <administrativeInformation>
   <dataEntryBy>
     <common:timeStamp>2012-01-04T15:33:14.875+01:00</common:timeStamp>
     <common:referenceToDataSetFormat refObjectId="a97a0155-0234-4b87-b4ce-a45da52f2a40" type="source data set" uri="../sources/a97a0155-0234-4b87-b4ce-a45da52f2a40.xml">
      <common:shortDescription>ILCD format</common:shortDescription>
</common:referenceToDataSetFormat>
</dataEntryBy>
   <publicationAndOwnership>
     <common:dataSetVersion>03.00.003</common:dataSetVersion>
     <common:referenceToPrecedingDataSetVersion refObjectId="93a60a56-a3c8-19da-a746-0800200c9a66" type="flow property data set" uri="http://lca.jrc.ec.europa.eu/lcainfohub/datasets/ilcd/flowproperties/Area_93a60a56-a3c8-19da-a746-0800200c9a66.xml">
        <common:shortDescription xml:lang="en">Area</common:shortDescription>
      </common:referenceToPrecedingDataSetVersion>
<common:permanentDataSetURI>http://lca.jrc.ec.europa.eu/lcainfohub/datasets/ilcd/flowproperties/93a60a56-a3c8-19da-a746-0800200c9a66.xml</common:permanentDataSetURI>
    </publicationAndOwnership>
</administrativeInformation>
</flowPropertyDataSet>
